/* SPDX-License-Identifier: GPL-3.0-or-later */
/* Mechanically generated by scripts/import-holiday-emblems.sh. */
/* PS1 sheet e44b0084...; new-art payload 59c9c3d2... */
static const unsigned char jc_holiday_emblem_packed[16384] = {
  0x00, 0x00, 0x00, 0x00, 0x00, 0x00, 0x00, 0x00, 0x00, 0x00, 0x00, 0x00,
  0x00, 0x00, 0x00, 0x00, 0x00, 0x00, 0x00, 0x00, 0x00, 0x00, 0x00, 0x00,
  0x00, 0x00, 0x00, 0x00, 0x00, 0x00, 0x00, 0x00, 0x00, 0x00, 0x00, 0x00,
  0x00, 0x00, 0x00, 0x00, 0x00, 0x00, 0x00, 0x00, 0x00, 0x00, 0x00, 0x00,
  0x00, 0x00, 0x00, 0x00, 0x00, 0x00, 0x00, 0x00, 0x00, 0x00, 0x00, 0x00,
  0x00, 0x00, 0x00, 0x00, 0x00, 0x00, 0x00, 0x00, 0x00, 0x00, 0x00, 0x00,
  0x00, 0x00, 0x00, 0x05, 0x55, 0x55, 0x55, 0x00, 0x00, 0x00, 0x00, 0x00,
  0xe0, 0x00, 0x00, 0x00, 0x00, 0x00, 0x00, 0x05, 0x66, 0x66, 0x65, 0x00,
  0x00, 0x00, 0x00, 0x00, 0xe0, 0x00, 0x00, 0x00, 0x00, 0x00, 0x00, 0x05,
  0x6f, 0x66, 0x65, 0x00, 0x00, 0x00, 0x00, 0xee, 0xee, 0xe0, 0x00, 0x00,
  0x00, 0x00, 0x00, 0x0f, 0xff, 0x66, 0x65, 0x00, 0x00, 0x00, 0x00, 0x00,
  0xe0, 0x00, 0x00, 0x00, 0x00, 0x00, 0x00, 0xf5, 0xff, 0x55, 0x55, 0x00,
  0x00, 0x00, 0x00, 0x00, 0xe0, 0x00, 0x00, 0x00, 0x00, 0x00, 0x0f, 0xff,
  0xf0, 0x00, 0x00, 0x00, 0x00, 0x00, 0x00, 0x00, 0x00, 0x00, 0x00, 0x00,
  0x00, 0x0f, 0xff, 0xff, 0x00, 0x00, 0x00, 0x00, 0x00, 0x00, 0x00, 0x00,
  0x00, 0x00, 0x00, 0x00, 0x00, 0xf0, 0xff, 0x60, 0x00, 0x00, 0x00, 0x00,
  0x00, 0x00, 0x00, 0x00, 0x00, 0x00, 0x00, 0x00, 0x0f, 0xff, 0xf6, 0x00,
  0x00, 0x00, 0x00, 0x00, 0x00, 0x00, 0x00, 0x00, 0x00, 0x00, 0x00, 0x0f,
  0xff, 0x0f, 0x60, 0x00, 0x00, 0x00, 0x00, 0x00, 0x00, 0x00, 0x00, 0x00,
  0x00, 0x00, 0x00, 0xf0, 0xf0, 0xf6, 0x60, 0x00, 0x00, 0x00, 0x00, 0x00,
  0x00, 0x00, 0x00, 0x00, 0x05, 0x55, 0x5f, 0xff, 0xff, 0x66, 0x00, 0x00,
  0x00, 0x00, 0x00, 0x00, 0x00, 0x00, 0x00, 0x00, 0x5e, 0xef, 0xff, 0xef,
  0x06, 0x60, 0x00, 0x00, 0x00, 0x00, 0x00, 0x00, 0x00, 0x00, 0x00, 0x05,
  0xee, 0xfe, 0xfe, 0xfe, 0x50, 0x00, 0x00, 0x00, 0x05, 0x50, 0x00, 0x00,
  0x00, 0x00, 0x00, 0x5e, 0xee, 0xe5, 0x5e, 0xee, 0xe5, 0x00, 0x00, 0x00,
  0x05, 0x05, 0x50, 0x00, 0x00, 0x00, 0x05, 0xee, 0xee, 0x55, 0x55, 0xee,
  0xee, 0x50, 0x00, 0x00, 0x05, 0x00, 0x05, 0x50, 0x00, 0x00, 0x05, 0xee,
  0xe5, 0x55, 0x55, 0x5e, 0xee, 0x50, 0x00, 0x00, 0x05, 0x00, 0x00, 0x00,
  0x00, 0x00, 0x05, 0xee, 0xe5, 0x55, 0x55, 0x5e, 0xee, 0x50, 0x00, 0x00,
  0x05, 0x00, 0x00, 0x00, 0x00, 0x00, 0x05, 0xee, 0xee, 0x55, 0x55, 0xee,
  0xee, 0x50, 0x00, 0x00, 0x05, 0x00, 0x00, 0x00, 0x00, 0x00, 0x05, 0xee,
  0xee, 0xe5, 0x5e, 0xee, 0xee, 0x50, 0x00, 0x00, 0x05, 0x00, 0x00, 0x00,
  0x00, 0x00, 0x00, 0x5e, 0xee, 0xee, 0xee, 0xee, 0xe5, 0x00, 0x00, 0x05,
  0x55, 0x00, 0x00, 0x00, 0x00, 0x00, 0x00, 0x05, 0xee, 0xee, 0xee, 0xee,
  0x50, 0x00, 0x00, 0x55, 0x55, 0x50, 0x00, 0x00, 0x00, 0x00, 0x00, 0x00,
  0x5e, 0xee, 0xee, 0xe5, 0x00, 0x00, 0x00, 0x55, 0x55, 0x50, 0x00, 0x00,
  0x00, 0x00, 0x00, 0x00, 0x05, 0x55, 0x55, 0x50, 0x00, 0x00, 0x00, 0x55,
  0x55, 0x50, 0x00, 0x00, 0x00, 0x00, 0x00, 0x00, 0x00, 0x00, 0x00, 0x00,
  0x00, 0x00, 0x00, 0x05, 0x55, 0x00, 0x00, 0x00, 0x00, 0x00, 0x00, 0x00,
  0x00, 0x00, 0x00, 0x00, 0x00, 0x00, 0x00, 0x00, 0x00, 0x00, 0x00, 0x00,
  0x00, 0x00, 0x00, 0x00, 0x00, 0x00, 0x00, 0x00, 0x00, 0x00, 0x00, 0x00,
  0x00, 0x00, 0x00, 0x00, 0x00, 0x00, 0x00, 0x00, 0x00, 0x00, 0x00, 0x00,
  0x00, 0x00, 0x00, 0x00, 0x00, 0x00, 0x00, 0x00, 0x00, 0x00, 0x00, 0x00,
  0x00, 0x00, 0x00, 0x00, 0x00, 0x00, 0x00, 0x00, 0x00, 0x00, 0x00, 0x00,
  0x00, 0x00, 0x00, 0x00, 0x00, 0x00, 0x00, 0x00, 0x00, 0x00, 0x00, 0x00,
  0x00, 0x00, 0x00, 0x00, 0x00, 0x00, 0x00, 0x00, 0x00, 0x00, 0x00, 0x00,
  0x00, 0x00, 0x00, 0x00, 0x00, 0x00, 0x00, 0x00, 0x00, 0x00, 0x00, 0x00,
  0x00, 0x00, 0x00, 0x00, 0x00, 0x00, 0x00, 0x00, 0x00, 0x00, 0x00, 0x00,
  0x00, 0x00, 0x00, 0x00, 0x00, 0x00, 0x00, 0x00, 0x00, 0x00, 0x00, 0x00,
  0x00, 0x00, 0x00, 0x00, 0x00, 0x00, 0x00, 0x00, 0x00, 0x00, 0x00, 0x00,
  0x00, 0x00, 0x00, 0x00, 0x05, 0x55, 0x00, 0x00, 0x00, 0x00, 0x00, 0x00,
  0x00, 0x00, 0x00, 0x00, 0x00, 0x00, 0x00, 0x00, 0x5f, 0xff, 0x50, 0x00,
  0x00, 0x00, 0x0e, 0x00, 0x00, 0x00, 0x00, 0x55, 0x50, 0x00, 0x05, 0x55,
  0x5f, 0xfe, 0x50, 0x00, 0x00, 0x00, 0x0e, 0x00, 0x00, 0x00, 0x05, 0x55,
  0x55, 0x00, 0x5f, 0xff, 0x5f, 0xfe, 0x5e, 0x00, 0x00, 0x0e, 0xee, 0xee,
  0x00, 0x00, 0x05, 0x55, 0x55, 0x05, 0xff, 0xff, 0xfe, 0xee, 0xee, 0x00,
  0x00, 0x00, 0x0e, 0x00, 0x00, 0x00, 0x05, 0x55, 0x55, 0x5f, 0xff, 0xff,
  0xff, 0xfe, 0x50, 0x00, 0x00, 0x00, 0x0e, 0x00, 0x00, 0x00, 0x00, 0x55,
  0x50, 0x5f, 0xff, 0xff, 0xff, 0xfe, 0x50, 0x00, 0x00, 0x00, 0x00, 0x00,
  0x00, 0x00, 0x00, 0x08, 0x00, 0x05, 0xff, 0xff, 0xff, 0xf5, 0x00, 0x00,
  0x00, 0x00, 0x00, 0x00, 0x00, 0x00, 0x00, 0x08, 0x00, 0x00, 0x5f, 0xff,
  0xff, 0x50, 0x00, 0x00, 0x00, 0x00, 0x00, 0x00, 0x00, 0x00, 0x00, 0x08,
  0x00, 0x00, 0x05, 0x55, 0x55, 0x00, 0x00, 0x00, 0x00, 0x00, 0x05, 0x55,
  0x55, 0x55, 0x55, 0x58, 0x55, 0x55, 0x55, 0x55, 0x55, 0x50, 0x00, 0x00,
  0x00, 0x00, 0x05, 0xcc, 0xcc, 0xcc, 0xcc, 0xcc, 0xcc, 0xcc, 0xcc, 0xcc,
  0xcc, 0x50, 0x00, 0x00, 0x00, 0x00, 0x05, 0xcc, 0xcc, 0xcc, 0xcc, 0xcc,
  0xcc, 0xcc, 0xcc, 0xcc, 0xcc, 0x50, 0x00, 0x00, 0x00, 0x00, 0x05, 0xcc,
  0xcc, 0xcc, 0xcc, 0xcc, 0xcc, 0xcc, 0xcc, 0xcc, 0xcc, 0x50, 0x00, 0x00,
  0x00, 0x00, 0x05, 0x55, 0x55, 0x55, 0x55, 0x55, 0x55, 0x55, 0x55, 0x55,
  0x55, 0x50, 0x00, 0x00, 0x00, 0x00, 0x00, 0x05, 0xcc, 0x55, 0x55, 0x55,
  0x55, 0x55, 0x55, 0xcc, 0x50, 0x00, 0x00, 0x00, 0x00, 0x00, 0x00, 0x05,
  0xcc, 0x5f, 0x55, 0x55, 0x55, 0x55, 0xf5, 0xcc, 0x50, 0x00, 0x00, 0x00,
  0x00, 0x00, 0x00, 0x05, 0xcc, 0x5f, 0xff, 0xff, 0xff, 0xff, 0xf5, 0xcc,
  0x50, 0x00, 0x00, 0x00, 0x00, 0x00, 0x00, 0x05, 0xcc, 0x5f, 0x55, 0x55,
  0x55, 0x55, 0xf5, 0xcc, 0x50, 0x00, 0x00, 0x00, 0x00, 0x00, 0x00, 0x05,
  0xcc, 0x5f, 0xff, 0xff, 0xff, 0xff, 0xf5, 0xcc, 0x50, 0x00, 0x00, 0x00,
  0x00, 0x00, 0x00, 0x05, 0xcc, 0x55, 0x55, 0x55, 0x55, 0x55, 0x55, 0xcc,
  0x50, 0x00, 0x00, 0x00, 0x00, 0x00, 0x00, 0x05, 0xcc, 0xcc, 0xcc, 0xcc,
  0xcc, 0xcc, 0xcc, 0xcc, 0x50, 0x00, 0x00, 0x00, 0x00, 0x00, 0x00, 0x05,
  0x55, 0x55, 0x55, 0x55, 0x55, 0x55, 0x55, 0x55, 0x50, 0x00, 0x00, 0x00,
  0x00, 0x00, 0x00, 0x00, 0x00, 0x00, 0x00, 0x00, 0x00, 0x00, 0x00, 0x00,
  0x00, 0x00, 0x00, 0x00, 0x00, 0x00, 0x00, 0x00, 0x00, 0x00, 0x00, 0x00,
  0x00, 0x00, 0x00, 0x00, 0x00, 0x00, 0x00, 0x00, 0x00, 0x00, 0x00, 0x00,
  0x00, 0x00, 0x00, 0x00, 0x00, 0x00, 0x00, 0x00, 0x00, 0x00, 0x00, 0x00,
  0x00, 0x00, 0x00, 0x00, 0x00, 0x00, 0x00, 0x00, 0x00, 0x00, 0x00, 0x00,
  0x00, 0x00, 0x00, 0x00, 0x00, 0x00, 0x00, 0x00, 0x00, 0x00, 0x00, 0x00,
  0x00, 0x00, 0x00, 0x00, 0x00, 0x00, 0x00, 0x00, 0x00, 0x00, 0x00, 0x00,
  0x00, 0x00, 0x00, 0x00, 0x00, 0x00, 0x00, 0x00, 0x00, 0x00, 0x00, 0x00,
  0x00, 0x00, 0x00, 0x00, 0x00, 0x00, 0x00, 0x00, 0x00, 0x00, 0x00, 0x00,
  0x00, 0x00, 0x00, 0x00, 0x00, 0x00, 0x00, 0x00, 0x00, 0x00, 0x00, 0x00,
  0x00, 0x00, 0x00, 0x00, 0x00, 0x00, 0x00, 0x00, 0x00, 0x00, 0x00, 0x00,
  0x00, 0x00, 0x00, 0x00, 0x00, 0x00, 0x00, 0x00, 0x00, 0x00, 0x00, 0x00,
  0x00, 0x00, 0x00, 0x00, 0x00, 0x00, 0x00, 0x00, 0x00, 0x00, 0x00, 0x00,
  0x00, 0x00, 0x00, 0x00, 0x00, 0x00, 0x00, 0x00, 0x00, 0x00, 0x00, 0x00,
  0x00, 0x00, 0x00, 0x00, 0x00, 0x00, 0x00, 0x00, 0x00, 0x00, 0x00, 0x00,
  0x05, 0x55, 0x00, 0x00, 0x00, 0x00, 0x05, 0x55, 0x00, 0x00, 0x00, 0x00,
  0x00, 0x00, 0x00, 0x00, 0x56, 0x66, 0x50, 0x55, 0x55, 0x50, 0x56, 0x66,
  0x50, 0x00, 0x00, 0x00, 0x00, 0x00, 0x00, 0x00, 0x56, 0x66, 0x55, 0x66,
  0x66, 0x65, 0x56, 0x66, 0x50, 0x00, 0x00, 0x00, 0x00, 0x00, 0x00, 0x00,
  0x56, 0x66, 0x56, 0x66, 0x66, 0x66, 0x56, 0x66, 0x50, 0x00, 0x00, 0x00,
  0x00, 0x00, 0x00, 0x00, 0x05, 0x55, 0x66, 0x66, 0x66, 0x66, 0x65, 0x55,
  0x00, 0x00, 0x00, 0x00, 0x00, 0x00, 0x00, 0x00, 0x00, 0x56, 0x66, 0x66,
  0x66, 0x66, 0x66, 0x50, 0x00, 0x00, 0x00, 0x00, 0x00, 0x00, 0x00, 0x00,
  0x00, 0x56, 0x65, 0x66, 0x66, 0x65, 0x66, 0x50, 0x00, 0x00, 0x00, 0x00,
  0x00, 0x00, 0x00, 0x00, 0x00, 0x56, 0x66, 0x66, 0x66, 0x66, 0x66, 0x50,
  0x00, 0x00, 0x00, 0x00, 0x00, 0x00, 0x00, 0x00, 0x00, 0x56, 0x66, 0x66,
  0x66, 0x66, 0x66, 0x50, 0x00, 0x00, 0x00, 0x00, 0x00, 0x00, 0x00, 0x00,
  0x00, 0x56, 0x66, 0x66, 0x56, 0x66, 0x66, 0x50, 0x00, 0x00, 0x00, 0x00,
  0x00, 0x00, 0x00, 0x00, 0x00, 0x56, 0x66, 0x66, 0x66, 0x66, 0x66, 0x50,
  0x00, 0x00, 0x00, 0x00, 0x00, 0x00, 0x00, 0x00, 0x00, 0x05, 0x66, 0x6f,
  0x6f, 0x66, 0x65, 0x00, 0x00, 0x00, 0x00, 0x00, 0x00, 0x00, 0x00, 0x00,
  0x00, 0x00, 0x56, 0x66, 0x66, 0x66, 0x50, 0x00, 0x00, 0x00, 0x00, 0x00,
  0x00, 0x00, 0x00, 0x00, 0x00, 0x05, 0x55, 0x66, 0x66, 0x65, 0x55, 0x00,
  0x00, 0x00, 0x00, 0x00, 0x00, 0x00, 0x00, 0x00, 0x00, 0x56, 0x66, 0x55,
  0x55, 0x56, 0x66, 0x50, 0x00, 0x00, 0x00, 0x00, 0x00, 0x00, 0x00, 0x00,
  0x05, 0x66, 0x66, 0x66, 0x66, 0x66, 0x66, 0x65, 0x00, 0x00, 0x00, 0x00,
  0x00, 0x00, 0x00, 0x00, 0x55, 0x66, 0x66, 0x66, 0x66, 0x66, 0x66, 0x65,
  0x50, 0x00, 0x00, 0x00, 0x00, 0x00, 0x00, 0x05, 0x55, 0x66, 0x66, 0x66,
  0x66, 0x66, 0x66, 0x68, 0x85, 0x00, 0x00, 0x00, 0x00, 0x00, 0x00, 0x05,
  0x55, 0x66, 0x66, 0x66, 0x66, 0x66, 0x66, 0x68, 0x88, 0x88, 0x80, 0x00,
  0x00, 0x00, 0x00, 0x00, 0x55, 0x56, 0x66, 0x66, 0x66, 0x66, 0x66, 0x55,
  0x58, 0x88, 0x08, 0x80, 0x00, 0x00, 0x00, 0x00, 0x05, 0x55, 0x56, 0x66,
  0x66, 0x66, 0x55, 0x55, 0x00, 0x00, 0x88, 0x00, 0x00, 0x00, 0x00, 0x00,
  0x00, 0x55, 0x55, 0x55, 0x55, 0x55, 0x55, 0x50, 0x00, 0x00, 0x00, 0x00,
  0x00, 0x00, 0x00, 0x00, 0x00, 0x00, 0x55, 0x55, 0x55, 0x55, 0x50, 0x00,
  0x00, 0x00, 0x00, 0x00, 0x00, 0x00, 0x00, 0x00, 0x00, 0x00, 0x00, 0x00,
  0x00, 0x00, 0x00, 0x00, 0x00, 0x00, 0x00, 0x00, 0x00, 0x00, 0x00, 0x00,
  0x00, 0x00, 0x00, 0x00, 0x00, 0x00, 0x00, 0x00, 0x00, 0x00, 0x00, 0x00,
  0x00, 0x00, 0x00, 0x00, 0x00, 0x00, 0x00, 0x00, 0x00, 0x00, 0x00, 0x00,
  0x00, 0x00, 0x00, 0x00, 0x00, 0x00, 0x00, 0x00, 0x00, 0x00, 0x00, 0x00,
  0x00, 0x00, 0x00, 0x00, 0x00, 0x00, 0x00, 0x00, 0x00, 0x00, 0x00, 0x00,
  0x00, 0x00, 0x00, 0x00, 0x00, 0x00, 0x00, 0x00, 0x00, 0x00, 0x00, 0x00,
  0x00, 0x00, 0x00, 0x00, 0x00, 0x00, 0x00, 0x00, 0x00, 0x00, 0x00, 0x00,
  0x00, 0x00, 0x00, 0x00, 0x00, 0x00, 0x00, 0x00, 0x00, 0x00, 0x00, 0x00,
  0x00, 0x00, 0x00, 0x00, 0x00, 0x00, 0x00, 0x00, 0x00, 0x00, 0x00, 0x00,
  0x00, 0x00, 0x05, 0x55, 0x55, 0x55, 0x50, 0x00, 0x00, 0x00, 0x00, 0x00,
  0x00, 0x00, 0x00, 0x00, 0x00, 0x00, 0x05, 0x66, 0x66, 0x66, 0x50, 0x00,
  0x00, 0x00, 0x00, 0x00, 0x00, 0x00, 0x0d, 0xd0, 0xdd, 0x00, 0x0e, 0xe6,
  0x66, 0x66, 0x50, 0x00, 0x00, 0x00, 0x00, 0x00, 0x00, 0x00, 0xdd, 0xdd,
  0xdd, 0xd0, 0x05, 0x6e, 0xee, 0xe6, 0x50, 0x00, 0x00, 0x00, 0x00, 0x00,
  0x00, 0x00, 0x0d, 0xdd, 0xdd, 0x00, 0x05, 0x66, 0x66, 0x6e, 0xe0, 0x00,
  0xd0, 0xd0, 0x00, 0x00, 0x00, 0x00, 0x00, 0xdd, 0xd0, 0x00, 0x05, 0x66,
  0x66, 0x66, 0x50, 0x0d, 0xdd, 0xdd, 0x00, 0x00, 0x00, 0x00, 0x00, 0x00,
  0x00, 0x00, 0x05, 0x66, 0x66, 0x66, 0x50, 0x00, 0xdd, 0xd0, 0x00, 0x00,
  0x00, 0x00, 0x00, 0x00, 0x00, 0x00, 0x0c, 0xcc, 0x6c, 0xcc, 0x50, 0x00,
  0x00, 0x00, 0x00, 0x00, 0x00, 0x00, 0x00, 0x00, 0x00, 0x00, 0xcc, 0xcc,
  0xcc, 0xcc, 0xc0, 0x00, 0x00, 0x00, 0x00, 0x00, 0x00, 0x00, 0x00, 0x00,
  0x00, 0x00, 0xcc, 0xcc, 0xcc, 0xcc, 0xc0, 0x00, 0x00, 0x00, 0x00, 0x00,
  0x00, 0x00, 0x00, 0x00, 0x00, 0x00, 0xcc, 0xcc, 0xcc, 0xcc, 0xc0, 0x00,
  0x00, 0x00, 0x00, 0x00, 0x00, 0x00, 0x00, 0x00, 0x00, 0x00, 0x0c, 0xcc,
  0xcc, 0xcc, 0x50, 0x00, 0x00, 0x00, 0x00, 0x00, 0x00, 0x00, 0x00, 0x00,
  0x00, 0x00, 0x0e, 0xec, 0xcc, 0x66, 0x50, 0x00, 0x00, 0x00, 0x00, 0x00,
  0x00, 0x00, 0x00, 0x00, 0x00, 0x00, 0x05, 0x6e, 0xee, 0xe6, 0x50, 0x00,
  0x00, 0x00, 0x00, 0x00, 0x00, 0x00, 0x00, 0x00, 0x00, 0x00, 0x05, 0x66,
  0x66, 0x6e, 0xe0, 0x00, 0x00, 0x00, 0x00, 0x00, 0x00, 0x00, 0x00, 0x00,
  0x00, 0x00, 0x05, 0x66, 0x66, 0x66, 0x50, 0x00, 0x00, 0x00, 0x00, 0x00,
  0x00, 0x00, 0x00, 0x0c, 0x0c, 0x00, 0x05, 0x66, 0x66, 0x66, 0x50, 0x00,
  0x00, 0x00, 0x00, 0x00, 0x00, 0x00, 0x00, 0xcc, 0xcc, 0xc0, 0x0e, 0xe6,
  0x66, 0x66, 0x50, 0x00, 0x00, 0x00, 0x00, 0x00, 0x00, 0x00, 0x00, 0x0c,
  0xcc, 0x00, 0x05, 0x6e, 0xee, 0xe6, 0x50, 0x00, 0x00, 0x00, 0x00, 0x00,
  0x00, 0x00, 0x00, 0x00, 0x00, 0x00, 0x05, 0x66, 0x66, 0x6e, 0xe0, 0x00,
  0x00, 0x00, 0x00, 0x00, 0x00, 0x00, 0x00, 0x00, 0x00, 0x00, 0x05, 0x66,
  0x66, 0x66, 0x50, 0x00, 0x00, 0x00, 0x00, 0x00, 0x00, 0x00, 0x00, 0x00,
  0x00, 0x00, 0x05, 0x66, 0x66, 0x66, 0x50, 0x00, 0x00, 0x00, 0x00, 0x00,
  0x00, 0x00, 0x00, 0x00, 0x00, 0x00, 0x05, 0x66, 0x66, 0x66, 0x50, 0x00,
  0x00, 0x00, 0x00, 0x00, 0x00, 0x00, 0x00, 0x00, 0x00, 0x00, 0x05, 0x66,
  0x66, 0x66, 0x50, 0x00, 0x00, 0x00, 0x00, 0x00, 0x00, 0x00, 0x00, 0x00,
  0x00, 0x00, 0x05, 0x55, 0x55, 0x55, 0x50, 0x00, 0x00, 0x00, 0x00, 0x00,
  0x00, 0x00, 0x00, 0x00, 0x00, 0x00, 0x00, 0x00, 0x00, 0x00, 0x00, 0x00,
  0x00, 0x00, 0x00, 0x00, 0x00, 0x00, 0x00, 0x00, 0x00, 0x00, 0x00, 0x00,
  0x00, 0x00, 0x00, 0x00, 0x00, 0x00, 0x00, 0x00, 0x00, 0x00, 0x00, 0x00,
  0x00, 0x00, 0x00, 0x00, 0x00, 0x00, 0x00, 0x00, 0x00, 0x00, 0x00, 0x00,
  0x00, 0x00, 0x00, 0x00, 0x00, 0x00, 0x00, 0x00, 0x00, 0x00, 0x00, 0x00,
  0x00, 0x00, 0x00, 0x00, 0x00, 0x00, 0x00, 0x00, 0x00, 0x00, 0x00, 0x00,
  0x00, 0x00, 0x00, 0x00, 0x00, 0x00, 0x00, 0x00, 0x00, 0x00, 0x00, 0x00,
  0x00, 0x00, 0x00, 0x00, 0x00, 0x00, 0x00, 0x00, 0x00, 0x00, 0x00, 0x00,
  0x00, 0x00, 0x00, 0x00, 0x00, 0x00, 0x00, 0x00, 0x00, 0x00, 0x00, 0x00,
  0x00, 0x00, 0x00, 0x00, 0x00, 0x00, 0x00, 0x00, 0x00, 0x00, 0x00, 0x00,
  0x00, 0x00, 0x00, 0x00, 0x00, 0x00, 0x00, 0x00, 0x00, 0x00, 0x00, 0x00,
  0x00, 0x00, 0x00, 0x00, 0x00, 0x00, 0x00, 0x00, 0x00, 0x00, 0x00, 0x00,
  0x00, 0x00, 0x00, 0x00, 0x00, 0x00, 0x00, 0x00, 0x00, 0x00, 0x00, 0x00,
  0x00, 0x00, 0x00, 0x00, 0x00, 0x00, 0x00, 0x00, 0x00, 0x00, 0x00, 0x00,
  0x00, 0x00, 0x00, 0x00, 0x00, 0x00, 0x00, 0x00, 0x00, 0x00, 0x00, 0x00,
  0x00, 0x00, 0x55, 0x55, 0x55, 0x55, 0x50, 0x00, 0x00, 0x00, 0x00, 0x00,
  0x00, 0x00, 0x00, 0x00, 0x05, 0x55, 0x66, 0x66, 0x66, 0x66, 0x65, 0x55,
  0x00, 0x00, 0x00, 0x00, 0x00, 0x00, 0x00, 0x05, 0x56, 0x56, 0x66, 0x66,
  0x66, 0x66, 0x65, 0x66, 0x55, 0x00, 0x00, 0x00, 0x00, 0x00, 0x00, 0x56,
  0x66, 0x65, 0x66, 0x66, 0x66, 0x66, 0x56, 0x66, 0x66, 0x50, 0x00, 0x00,
  0x00, 0x00, 0x05, 0x66, 0x66, 0x66, 0x55, 0x66, 0x66, 0x65, 0x66, 0x66,
  0x66, 0x65, 0x00, 0x00, 0x00, 0x00, 0x05, 0x66, 0x66, 0x66, 0x6f, 0x5f,
  0x6f, 0x5f, 0x66, 0x66, 0x66, 0x65, 0x00, 0x00, 0x00, 0x00, 0x56, 0x66,
  0x66, 0x66, 0xff, 0xff, 0xff, 0xff, 0xf6, 0x66, 0x66, 0x66, 0x50, 0x00,
  0x0f, 0xff, 0xff, 0x66, 0x66, 0x66, 0xff, 0xff, 0xff, 0xff, 0xf6, 0x66,
  0x66, 0x6f, 0xff, 0xff, 0x00, 0x00, 0x56, 0x66, 0x66, 0x66, 0xff, 0xff,
  0xff, 0xff, 0xf6, 0x66, 0x66, 0x66, 0x50, 0x00, 0x00, 0x00, 0x05, 0x66,
  0x66, 0x66, 0x6f, 0x6f, 0x6f, 0x5f, 0x66, 0x66, 0x66, 0x65, 0x00, 0x00,
  0x00, 0x00, 0x05, 0x66, 0x66, 0x66, 0x56, 0x66, 0x66, 0x65, 0x56, 0x66,
  0x66, 0x65, 0x00, 0x00, 0x00, 0x00, 0x00, 0x56, 0x66, 0x65, 0x66, 0x66,
  0x66, 0x66, 0x65, 0x66, 0x66, 0x50, 0x00, 0x00, 0x00, 0x00, 0x00, 0x05,
  0x56, 0x56, 0x66, 0x66, 0x66, 0x66, 0x66, 0x56, 0x55, 0x00, 0x00, 0x00,
  0x00, 0x00, 0x00, 0x00, 0x05, 0x55, 0x66, 0x66, 0x66, 0x66, 0x65, 0x55,
  0x00, 0x00, 0x00, 0x00, 0x00, 0x00, 0x00, 0x00, 0x00, 0x00, 0x55, 0x55,
  0x55, 0x55, 0x50, 0x00, 0x00, 0x00, 0x00, 0x00, 0x00, 0x00, 0x00, 0x00,
  0x00, 0x00, 0x00, 0x00, 0x00, 0x00, 0x00, 0x00, 0x00, 0x00, 0x00, 0x00,
  0x00, 0x00, 0x00, 0x00, 0x00, 0x00, 0x00, 0x00, 0x00, 0x00, 0x00, 0x00,
  0x00, 0x00, 0x00, 0x00, 0x00, 0x00, 0x00, 0x00, 0x00, 0x00, 0x00, 0x00,
  0x00, 0x00, 0x00, 0x00, 0x00, 0x00, 0x00, 0x00, 0x00, 0x00, 0x00, 0x00,
  0x00, 0x00, 0x00, 0x00, 0x00, 0x00, 0x00, 0x00, 0x00, 0x00, 0x00, 0x00,
  0x00, 0x00, 0x00, 0x00, 0x00, 0x00, 0x00, 0x00, 0x00, 0x00, 0x00, 0x00,
  0x00, 0x00, 0x00, 0x00, 0x00, 0x00, 0x00, 0x00, 0x00, 0x00, 0x00, 0x00,
  0x00, 0x00, 0x00, 0x00, 0x00, 0x00, 0x00, 0x00, 0x00, 0x00, 0x00, 0x00,
  0x00, 0x00, 0x00, 0x00, 0x00, 0x00, 0x00, 0x00, 0x00, 0x00, 0x00, 0x00,
  0x00, 0x00, 0x00, 0x00, 0x00, 0x00, 0x00, 0x00, 0x00, 0x00, 0x00, 0x00,
  0x00, 0x00, 0x00, 0x00, 0x00, 0x00, 0x00, 0x00, 0x00, 0x00, 0x00, 0x00,
  0x00, 0x00, 0x00, 0x00, 0x00, 0x00, 0x00, 0x00, 0x00, 0x00, 0x00, 0x00,
  0x00, 0x00, 0x00, 0x00, 0x00, 0x00, 0x00, 0x00, 0x00, 0x00, 0x00, 0x00,
  0x00, 0x00, 0x00, 0x00, 0x00, 0x00, 0x00, 0x00, 0x00, 0x00, 0x00, 0x00,
  0x00, 0x00, 0x00, 0x00, 0x00, 0x00, 0x00, 0x00, 0x00, 0x00, 0x00, 0x00,
  0xf0, 0x00, 0x00, 0x00, 0x00, 0x00, 0x00, 0x00, 0x00, 0x00, 0x00, 0x00,
  0x00, 0x00, 0x00, 0x00, 0xf0, 0x00, 0x00, 0x00, 0x00, 0x00, 0x00, 0x00,
  0x00, 0x00, 0x00, 0x00, 0x00, 0x00, 0x0f, 0xff, 0xff, 0xff, 0x00, 0x00,
  0x00, 0x00, 0x00, 0x00, 0x00, 0x00, 0x00, 0x00, 0x00, 0x00, 0x00, 0x0f,
  0xff, 0x00, 0x00, 0x00, 0x00, 0x00, 0x00, 0x00, 0x00, 0x00, 0x00, 0x00,
  0x00, 0x00, 0x00, 0x0f, 0xff, 0x00, 0x00, 0x00, 0x00, 0x00, 0x00, 0x00,
  0x00, 0x00, 0x00, 0x00, 0x05, 0x55, 0x55, 0xf5, 0x55, 0xf5, 0x55, 0x55,
  0x00, 0x00, 0x00, 0x00, 0x00, 0x00, 0x00, 0x00, 0x05, 0x11, 0x11, 0x11,
  0x11, 0x11, 0x11, 0x15, 0x00, 0x00, 0x00, 0x00, 0x00, 0x00, 0x00, 0x00,
  0x05, 0x11, 0x11, 0x11, 0x11, 0x11, 0x11, 0x15, 0x00, 0x00, 0x00, 0x00,
  0x00, 0x00, 0x00, 0x00, 0x05, 0xff, 0xff, 0xff, 0xff, 0xff, 0xff, 0xf5,
  0x00, 0x00, 0x00, 0x00, 0x00, 0x00, 0x00, 0x00, 0x05, 0xff, 0xff, 0xff,
  0xff, 0xff, 0xff, 0xf5, 0x00, 0x00, 0x00, 0x00, 0x00, 0x00, 0x00, 0x00,
  0x05, 0xff, 0xff, 0xff, 0xff, 0xff, 0xff, 0xf5, 0x00, 0x00, 0x00, 0x00,
  0x00, 0x00, 0x00, 0x00, 0x05, 0x11, 0x11, 0x11, 0xe1, 0x11, 0x11, 0x15,
  0x00, 0x00, 0x00, 0x00, 0x00, 0x00, 0x00, 0x00, 0x05, 0xcc, 0xcc, 0xcc,
  0xec, 0xcc, 0xcc, 0xc5, 0x00, 0x00, 0x00, 0x00, 0x00, 0x00, 0x00, 0x00,
  0x05, 0xcc, 0xcc, 0xee, 0xee, 0xec, 0xcc, 0xc5, 0x00, 0x00, 0x00, 0x00,
  0x00, 0x00, 0x00, 0x00, 0x05, 0xcc, 0xcc, 0xcc, 0xec, 0xcc, 0xcc, 0xc5,
  0x00, 0x00, 0x00, 0x00, 0x00, 0x00, 0x00, 0x00, 0x05, 0xcc, 0xcc, 0xcc,
  0xec, 0xcc, 0xcc, 0xc5, 0x00, 0x00, 0x00, 0x00, 0x00, 0x00, 0x00, 0x00,
  0x05, 0x11, 0x11, 0x11, 0x11, 0x11, 0x11, 0x15, 0x00, 0x00, 0x00, 0x00,
  0x00, 0x00, 0x05, 0x55, 0x55, 0x55, 0x55, 0x55, 0x55, 0x55, 0x55, 0x55,
  0x55, 0x55, 0x00, 0x00, 0x00, 0x00, 0x05, 0x11, 0x11, 0x11, 0x11, 0x11,
  0x11, 0x11, 0x11, 0x11, 0x11, 0x15, 0x00, 0x00, 0x00, 0x00, 0x05, 0x11,
  0x11, 0x11, 0x11, 0x11, 0x11, 0x11, 0x11, 0x11, 0x11, 0x15, 0x00, 0x00,
  0x00, 0x00, 0x05, 0x11, 0x11, 0x11, 0x11, 0x11, 0x11, 0x11, 0x11, 0x11,
  0x11, 0x15, 0x00, 0x00, 0x00, 0x00, 0x05, 0x55, 0x55, 0x55, 0x55, 0x55,
  0x55, 0x55, 0x55, 0x55, 0x55, 0x55, 0x00, 0x00, 0x00, 0x00, 0x00, 0x00,
  0x00, 0x00, 0x00, 0x00, 0x00, 0x00, 0x00, 0x00, 0x00, 0x00, 0x00, 0x00,
  0x00, 0x00, 0x00, 0x00, 0x00, 0x00, 0x00, 0x00, 0x00, 0x00, 0x00, 0x00,
  0x00, 0x00, 0x00, 0x00, 0x00, 0x00, 0x00, 0x00, 0x00, 0x00, 0x00, 0x00,
  0x00, 0x00, 0x00, 0x00, 0x00, 0x00, 0x00, 0x00, 0x00, 0x00, 0x00, 0x00,
  0x00, 0x00, 0x00, 0x00, 0x00, 0x00, 0x00, 0x00, 0x00, 0x00, 0x00, 0x00,
  0x00, 0x00, 0x00, 0x00, 0x00, 0x00, 0x00, 0x00, 0x00, 0x00, 0x00, 0x00,
  0x00, 0x00, 0x00, 0x00, 0x00, 0x00, 0x00, 0x00, 0x00, 0x00, 0x00, 0x00,
  0x00, 0x00, 0x00, 0x00, 0x00, 0x00, 0x00, 0x00, 0x00, 0x00, 0x00, 0x00,
  0x00, 0x00, 0x00, 0x00, 0x00, 0x00, 0x00, 0x00, 0x00, 0x00, 0x00, 0x00,
  0x00, 0x00, 0x00, 0x00, 0x00, 0x00, 0x00, 0x00, 0x00, 0x00, 0x00, 0x00,
  0x00, 0x00, 0x00, 0x00, 0x00, 0x00, 0x00, 0x00, 0x00, 0x00, 0x00, 0x00,
  0x00, 0x00, 0x00, 0x00, 0x00, 0x00, 0x00, 0x00, 0x00, 0x00, 0x00, 0x00,
  0x00, 0x00, 0x00, 0x00, 0x00, 0x00, 0x00, 0x00, 0x00, 0x00, 0x00, 0x00,
  0x00, 0x00, 0x00, 0x00, 0x00, 0x00, 0x00, 0x00, 0x00, 0x00, 0x00, 0x00,
  0x00, 0x00, 0x00, 0x00, 0x00, 0x00, 0x00, 0x00, 0x00, 0x00, 0x00, 0x00,
  0x00, 0x00, 0x00, 0x00, 0x00, 0x00, 0x00, 0x00, 0x00, 0x00, 0x00, 0x00,
  0x00, 0x00, 0x00, 0x00, 0x00, 0x00, 0x00, 0x00, 0x00, 0x00, 0x00, 0x00,
  0x00, 0x00, 0x00, 0x00, 0x00, 0x00, 0x00, 0x00, 0x00, 0x00, 0x00, 0x00,
  0x00, 0x00, 0x00, 0x00, 0x00, 0x00, 0x00, 0x00, 0x00, 0x00, 0x00, 0x00,
  0x00, 0x00, 0x00, 0x00, 0x00, 0x00, 0x00, 0x00, 0x00, 0x00, 0x00, 0x0a,
  0x00, 0x00, 0xe0, 0x00, 0x00, 0x00, 0xa0, 0x00, 0x0e, 0x00, 0x00, 0x00,
  0x00, 0x00, 0x00, 0x00, 0x00, 0x00, 0x00, 0x00, 0x00, 0x00, 0x00, 0x00,
  0x00, 0x00, 0x00, 0x00, 0x00, 0x00, 0x00, 0x00, 0x00, 0x00, 0x55, 0x55,
  0x55, 0x55, 0x50, 0x00, 0x00, 0x00, 0x00, 0x00, 0x00, 0x00, 0x00, 0x00,
  0x05, 0x55, 0xdd, 0xdd, 0xdd, 0xdd, 0xd5, 0x55, 0x00, 0x00, 0x00, 0x00,
  0x00, 0x00, 0x00, 0x05, 0x5d, 0xdd, 0xdd, 0xdd, 0xdd, 0xdd, 0xdd, 0xdd,
  0x55, 0x00, 0x00, 0x00, 0x00, 0x00, 0x00, 0x5d, 0xdd, 0xdd, 0xdd, 0xdd,
  0xdd, 0xdd, 0xdd, 0xdd, 0xdd, 0x50, 0x00, 0x00, 0x00, 0x00, 0x05, 0xdd,
  0xdd, 0x55, 0x5d, 0xdd, 0xdd, 0xdd, 0x55, 0x5d, 0xdd, 0xd5, 0x00, 0x00,
  0x00, 0x00, 0x05, 0xdd, 0xd5, 0x55, 0x55, 0xdd, 0xdd, 0xd5, 0x55, 0x55,
  0xdd, 0xd5, 0x00, 0x00, 0x00, 0x00, 0x5d, 0xdd, 0xd5, 0x55, 0x55, 0xdd,
  0xdd, 0xd5, 0x55, 0x55, 0xdd, 0xdd, 0x50, 0x00, 0x00, 0x00, 0x5d, 0xdd,
  0xd5, 0x55, 0x55, 0xdd, 0xdd, 0xd5, 0x55, 0x55, 0xdd, 0xdd, 0x50, 0x00,
  0x00, 0x00, 0x5d, 0xdd, 0xdd, 0x55, 0x5d, 0xdd, 0xdd, 0xdd, 0x55, 0x5d,
  0xdd, 0xdd, 0x50, 0x00, 0x00, 0x00, 0x05, 0xdd, 0xdd, 0xdd, 0xdd, 0xee,
  0xee, 0xed, 0xdd, 0xdd, 0xdd, 0xd5, 0x00, 0x00, 0x00, 0x00, 0x05, 0xdd,
  0xdd, 0xdd, 0xdd, 0xee, 0xee, 0xed, 0xdd, 0xdd, 0xdd, 0xd5, 0x00, 0x00,
  0x00, 0x00, 0x00, 0x5d, 0xdd, 0xdd, 0xdd, 0xee, 0xee, 0xed, 0xdd, 0xdd,
  0xdd, 0x50, 0x00, 0x00, 0x00, 0x00, 0x00, 0x05, 0x5d, 0xdd, 0xdd, 0xdd,
  0xdd, 0xdd, 0xdd, 0xdd, 0x55, 0x00, 0x00, 0x00, 0x00, 0x00, 0x00, 0x00,
  0x05, 0x55, 0xdd, 0xdd, 0xdd, 0xdd, 0xd5, 0x55, 0x00, 0x00, 0x00, 0x00,
  0x00, 0x00, 0x00, 0x00, 0x00, 0x00, 0x55, 0x55, 0x55, 0x55, 0x50, 0x00,
  0x00, 0x00, 0x00, 0x00, 0x00, 0x00, 0x00, 0x0a, 0x00, 0x00, 0xe0, 0x00,
  0x00, 0x00, 0xa0, 0x00, 0x0e, 0x00, 0x00, 0x00, 0x00, 0x00, 0x00, 0x00,
  0x00, 0x00, 0x00, 0x00, 0x00, 0x00, 0x00, 0x00, 0x00, 0x00, 0x00, 0x00,
  0x00, 0x00, 0x00, 0x00, 0x0a, 0x00, 0xe0, 0x0a, 0x00, 0xe0, 0x0a, 0x00,
  0xe0, 0x00, 0x00, 0x00, 0x00, 0x00, 0x00, 0x00, 0xaa, 0xae, 0xee, 0xaa,
  0xae, 0xee, 0xaa, 0xae, 0xee, 0x00, 0x00, 0x00, 0x00, 0x00, 0x00, 0x00,
  0x0a, 0x00, 0xe0, 0x0a, 0x00, 0xe0, 0x0a, 0x00, 0xe0, 0x00, 0x00, 0x00,
  0x00, 0x00, 0x00, 0x00, 0x00, 0x00, 0x00, 0x00, 0x00, 0x00, 0x00, 0x00,
  0x00, 0x00, 0x00, 0x00, 0x00, 0x00, 0x00, 0x00, 0x00, 0x00, 0x00, 0x00,
  0x00, 0x00, 0x00, 0x00, 0x00, 0x00, 0x00, 0x00, 0x00, 0x00, 0x00, 0x00,
  0x00, 0x00, 0x00, 0x00, 0x00, 0x00, 0x00, 0x00, 0x00, 0x00, 0x00, 0x00,
  0x00, 0x00, 0x00, 0x00, 0x00, 0x00, 0x00, 0x00, 0x00, 0x00, 0x00, 0x00,
  0x00, 0x00, 0x00, 0x00, 0x00, 0x00, 0x00, 0x00, 0x00, 0x00, 0x00, 0x00,
  0x00, 0x00, 0x00, 0x00, 0x00, 0x00, 0x00, 0x00, 0x00, 0x00, 0x00, 0x00,
  0x00, 0x00, 0x00, 0x00, 0x00, 0x00, 0x00, 0x00, 0x00, 0x00, 0x00, 0x00,
  0x00, 0x00, 0x00, 0x00, 0x00, 0x00, 0x00, 0x00, 0x00, 0x00, 0x00, 0x00,
  0x00, 0x00, 0x00, 0x00, 0x00, 0x00, 0x00, 0x00, 0x00, 0x00, 0x00, 0x00,
  0x00, 0x00, 0x00, 0x00, 0x00, 0x00, 0x00, 0x00, 0x00, 0x00, 0x05, 0x55,
  0x55, 0x55, 0x55, 0x55, 0x55, 0x55, 0x55, 0x55, 0x55, 0x55, 0x00, 0x00,
  0x00, 0x00, 0x05, 0x22, 0x22, 0x22, 0x22, 0x22, 0x22, 0x22, 0x22, 0x22,
  0x22, 0x25, 0x00, 0x00, 0x00, 0x00, 0x05, 0x22, 0x22, 0x22, 0x22, 0x22,
  0x22, 0x22, 0x22, 0x22, 0x22, 0x25, 0x00, 0x00, 0x00, 0x00, 0x05, 0x22,
  0x22, 0x22, 0x22, 0x22, 0x22, 0x22, 0x22, 0x22, 0x22, 0x25, 0x00, 0x00,
  0x00, 0x00, 0x05, 0x22, 0x2f, 0xff, 0xff, 0xff, 0xff, 0xff, 0xff, 0xf2,
  0x22, 0x25, 0x00, 0x00, 0x00, 0x00, 0x05, 0x22, 0x2f, 0xff, 0xff, 0xff,
  0xff, 0xff, 0xff, 0xf2, 0x22, 0x25, 0x00, 0x00, 0x00, 0x00, 0x05, 0x22,
  0x2f, 0xff, 0xff, 0xff, 0xff, 0xff, 0xff, 0xf2, 0x22, 0x25, 0x00, 0x00,
  0x00, 0x00, 0x05, 0x22, 0x22, 0x2f, 0xff, 0x22, 0x22, 0xff, 0xf2, 0x22,
  0x22, 0x25, 0x00, 0x00, 0x00, 0x00, 0x05, 0x22, 0x22, 0x2f, 0xff, 0x22,
  0x22, 0xff, 0xf2, 0x22, 0x22, 0x25, 0x00, 0x00, 0x00, 0x00, 0x05, 0x22,
  0x22, 0x2f, 0xff, 0x22, 0x22, 0xff, 0xf2, 0x22, 0x22, 0x25, 0x00, 0x00,
  0x00, 0x00, 0x05, 0x22, 0x22, 0x2f, 0xff, 0x22, 0x22, 0xff, 0xf2, 0x22,
  0x22, 0x25, 0x00, 0x00, 0x00, 0x00, 0x05, 0x22, 0x22, 0x2f, 0xff, 0x22,
  0x22, 0xff, 0xf2, 0x22, 0x22, 0x25, 0x00, 0x00, 0x00, 0x00, 0x05, 0x22,
  0x22, 0x2f, 0xff, 0x22, 0x22, 0xff, 0xf2, 0x22, 0x22, 0x25, 0x00, 0x00,
  0x00, 0x00, 0x05, 0x22, 0x22, 0x2f, 0xff, 0x22, 0x22, 0xff, 0xf2, 0x22,
  0x22, 0x25, 0x00, 0x00, 0x00, 0x00, 0x05, 0x22, 0x22, 0x2f, 0xff, 0x22,
  0x22, 0xff, 0xf2, 0x25, 0x55, 0x55, 0x00, 0x00, 0x00, 0x00, 0x05, 0x22,
  0x22, 0x2f, 0xff, 0x22, 0x22, 0xff, 0xf2, 0x5e, 0xee, 0xe5, 0x00, 0x00,
  0x00, 0x00, 0x05, 0x22, 0x22, 0x2f, 0xff, 0x22, 0x22, 0xff, 0xf5, 0x6e,
  0xee, 0xee, 0x50, 0x00, 0x00, 0x00, 0x05, 0x22, 0x22, 0x22, 0x22, 0x22,
  0x22, 0x22, 0x5e, 0xe6, 0xee, 0xee, 0xe5, 0x00, 0x00, 0x00, 0x05, 0x55,
  0x55, 0x55, 0x55, 0x55, 0x55, 0x55, 0x5e, 0xee, 0x6e, 0xee, 0xe5, 0x00,
  0x00, 0x00, 0x00, 0x00, 0x55, 0x55, 0x55, 0x55, 0x55, 0x55, 0x5e, 0xee,
  0xe6, 0xee, 0xe5, 0x00, 0x00, 0x00, 0x00, 0x00, 0x56, 0x66, 0x66, 0x66,
  0x66, 0x66, 0x65, 0xee, 0xee, 0x6e, 0x50, 0x00, 0x00, 0x00, 0x00, 0x00,
  0x55, 0x55, 0x55, 0x55, 0x55, 0x55, 0x55, 0x5e, 0xee, 0xe6, 0x00, 0x00,
  0x00, 0x00, 0x00, 0x00, 0x00, 0x00, 0x00, 0x00, 0x00, 0x00, 0x00, 0x05,
  0x55, 0x50, 0x00, 0x00, 0x00, 0x00, 0x00, 0x00, 0x00, 0x00, 0x00, 0x00,
  0x00, 0x00, 0x00, 0x00, 0x00, 0x00, 0x00, 0x00, 0x00, 0x00, 0x00, 0x00,
  0x00, 0x00, 0x00, 0x00, 0x00, 0x00, 0x00, 0x00, 0x00, 0x00, 0x00, 0x00,
  0x00, 0x00, 0x00, 0x00, 0x00, 0x00, 0x00, 0x00, 0x00, 0x00, 0x00, 0x00,
  0x00, 0x00, 0x00, 0x00, 0x00, 0x00, 0x00, 0x00, 0x00, 0x00, 0x00, 0x00,
  0x00, 0x00, 0x00, 0x00, 0x00, 0x00, 0x00, 0x00, 0x00, 0x00, 0x00, 0x00,
  0x00, 0x00, 0x00, 0x00, 0x00, 0x00, 0x00, 0x00, 0x00, 0x00, 0x00, 0x00,
  0x00, 0x00, 0x00, 0x00, 0x00, 0x00, 0x00, 0x00, 0x00, 0x00, 0x00, 0x00,
  0x00, 0x00, 0x00, 0x00, 0x00, 0x00, 0x00, 0x00, 0x00, 0x00, 0x00, 0x00,
  0x00, 0x00, 0x00, 0x00, 0x00, 0x00, 0x00, 0x00, 0x00, 0x00, 0x00, 0x00,
  0x00, 0x00, 0x00, 0x00, 0x00, 0x00, 0x00, 0x00, 0x00, 0x00, 0x00, 0x00,
  0x00, 0x00, 0x00, 0x00, 0x00, 0x00, 0x00, 0x00, 0x00, 0x00, 0x00, 0x00,
  0x0d, 0x00, 0x00, 0x00, 0x00, 0x00, 0x00, 0x05, 0x55, 0x50, 0x00, 0x55,
  0x55, 0x00, 0x00, 0x00, 0x06, 0x00, 0x00, 0x00, 0x00, 0x00, 0x00, 0x5e,
  0xee, 0xe5, 0x05, 0xee, 0xee, 0x50, 0x00, 0x0d, 0x6f, 0x6d, 0x00, 0x00,
  0x00, 0x00, 0x05, 0xee, 0xee, 0xee, 0x5e, 0xee, 0xee, 0xe5, 0x0d, 0x06,
  0x06, 0x00, 0x00, 0x00, 0x00, 0x00, 0x05, 0xee, 0xee, 0xee, 0x5e, 0xee,
  0xee, 0xe5, 0x00, 0x60, 0x6d, 0x00, 0x00, 0x00, 0x00, 0x00, 0x05, 0xee,
  0xee, 0xee, 0x5e, 0xee, 0xee, 0xe5, 0x0f, 0x0d, 0x00, 0x00, 0x00, 0x00,
  0x00, 0x00, 0x05, 0xee, 0xee, 0xee, 0x5e, 0xee, 0xee, 0xe5, 0x60, 0x60,
  0x00, 0x00, 0x00, 0x00, 0x00, 0x00, 0x00, 0x5e, 0xee, 0xe5, 0x05, 0xee,
  0xee, 0x56, 0x0d, 0x00, 0x00, 0x00, 0x00, 0x00, 0x00, 0x00, 0x00, 0x05,
  0x55, 0x50, 0x00, 0x55, 0x55, 0x60, 0x60, 0x00, 0x00, 0x00, 0x00, 0x00,
  0x00, 0x00, 0x00, 0x00, 0x00, 0x00, 0x00, 0x0d, 0x06, 0x06, 0x00, 0x00,
  0x00, 0x00, 0x00, 0x00, 0x00, 0x00, 0x00, 0x00, 0x00, 0x00, 0x00, 0x06,
  0x60, 0x60, 0x00, 0x00, 0x00, 0x00, 0x00, 0x00, 0x00, 0x00, 0x00, 0x00,
  0x00, 0x00, 0x0d, 0x6f, 0x6d, 0x00, 0x00, 0x00, 0x00, 0x00, 0x00, 0x00,
  0x00, 0x00, 0x00, 0x00, 0x00, 0x00, 0x06, 0x06, 0x00, 0x00, 0x00, 0x00,
  0x00, 0x00, 0x00, 0x00, 0x00, 0x00, 0x00, 0x00, 0x00, 0x00, 0x60, 0x6d,
  0x00, 0x00, 0x00, 0x00, 0x00, 0x00, 0x00, 0x00, 0x00, 0x00, 0x00, 0x00,
  0x00, 0xd6, 0x06, 0x00, 0x00, 0x00, 0x00, 0x00, 0x00, 0x00, 0x00, 0x00,
  0x00, 0x00, 0x00, 0x00, 0x00, 0x60, 0x60, 0x00, 0x00, 0x00, 0x00, 0x00,
  0x00, 0x00, 0x00, 0x00, 0x00, 0x00, 0x00, 0x00, 0xd6, 0xf6, 0xd0, 0x00,
  0x00, 0x00, 0x00, 0x00, 0x00, 0x00, 0x00, 0x00, 0x00, 0x00, 0x00, 0x00,
  0x60, 0x60, 0x00, 0x00, 0x00, 0x00, 0x00, 0x00, 0x00, 0x00, 0x00, 0x00,
  0x00, 0x00, 0x00, 0x06, 0x06, 0xd0, 0x00, 0x00, 0x00, 0x00, 0x00, 0x00,
  0x00, 0x00, 0x00, 0x00, 0x00, 0x00, 0x00, 0x60, 0x60, 0x00, 0x00, 0x00,
  0x00, 0x00, 0x00, 0x00, 0x00, 0x00, 0x00, 0x00, 0x00, 0x00, 0x06, 0x06,
  0x00, 0x00, 0x00, 0x00, 0x00, 0x00, 0x00, 0x00, 0x00, 0x00, 0x00, 0x00,
  0x00, 0x00, 0x00, 0x60, 0x00, 0x00, 0x00, 0x00, 0x00, 0x00, 0x00, 0x00,
  0x00, 0x00, 0x00, 0x00, 0x00, 0x00, 0x00, 0x00, 0x00, 0x00, 0x00, 0x00,
  0x00, 0x00, 0x00, 0x00, 0x00, 0x00, 0x00, 0x00, 0x00, 0x00, 0x00, 0x00,
  0x00, 0x00, 0x00, 0x00, 0x00, 0x00, 0x00, 0x00, 0x00, 0x00, 0x00, 0x00,
  0x00, 0x00, 0x00, 0x00, 0x00, 0x00, 0x00, 0x00, 0x00, 0x00, 0x00, 0x00,
  0x00, 0x00, 0x00, 0x00, 0x00, 0x00, 0x00, 0x00, 0x00, 0x00, 0x00, 0x00,
  0x00, 0x00, 0x00, 0x00, 0x00, 0x00, 0x00, 0x00, 0x00, 0x00, 0x00, 0x00,
  0x00, 0x00, 0x00, 0x00, 0x00, 0x00, 0x00, 0x00, 0x00, 0x00, 0x00, 0x00,
  0x00, 0x00, 0x00, 0x00, 0x00, 0x00, 0x00, 0x00, 0x00, 0x00, 0x00, 0x00,
  0x00, 0x00, 0x00, 0x00, 0x00, 0x00, 0x00, 0x00, 0x00, 0x00, 0x00, 0x00,
  0x00, 0x00, 0x00, 0x00, 0x00, 0x00, 0x00, 0x00, 0x00, 0x00, 0x00, 0x00,
  0x00, 0x00, 0x00, 0x00, 0x00, 0x00, 0x00, 0x00, 0x00, 0x00, 0x00, 0x00,
  0x00, 0x00, 0x00, 0x00, 0x00, 0x00, 0x00, 0x00, 0x00, 0x00, 0x00, 0x00,
  0x00, 0x00, 0x00, 0x00, 0x00, 0x00, 0x00, 0x00, 0x00, 0x00, 0x00, 0x00,
  0x00, 0x00, 0x00, 0x00, 0x00, 0x00, 0x00, 0x00, 0x00, 0x00, 0x00, 0x00,
  0x00, 0x00, 0x00, 0x00, 0x00, 0x00, 0x00, 0x00, 0x00, 0x00, 0x00, 0x00,
  0x00, 0x00, 0x00, 0x00, 0x00, 0x00, 0x00, 0x00, 0x00, 0x00, 0x00, 0x00,
  0x00, 0x00, 0x00, 0x00, 0x00, 0x00, 0x00, 0x00, 0x00, 0x00, 0x00, 0x00,
  0x00, 0x00, 0x00, 0x00, 0x00, 0x00, 0x00, 0x00, 0x00, 0x00, 0x00, 0x00,
  0x00, 0x00, 0x00, 0x00, 0x00, 0x00, 0x00, 0x00, 0x00, 0x00, 0x00, 0x00,
  0x00, 0x00, 0x00, 0x00, 0x00, 0x00, 0x00, 0x00, 0x00, 0x00, 0x00, 0x00,
  0x00, 0x00, 0x00, 0x00, 0x00, 0x00, 0x00, 0x00, 0x55, 0x55, 0x55, 0x55,
  0x55, 0x55, 0x55, 0x00, 0x00, 0x00, 0x00, 0x00, 0x00, 0x00, 0x00, 0x00,
  0x5c, 0xcc, 0xcc, 0xcc, 0xcc, 0xcc, 0xc5, 0x00, 0xf0, 0x00, 0x00, 0x00,
  0x00, 0x00, 0x00, 0x00, 0x5c, 0xcc, 0xcc, 0xcc, 0xcc, 0xcc, 0xc5, 0x00,
  0x00, 0x00, 0x00, 0x00, 0x00, 0x00, 0x00, 0x00, 0x55, 0x55, 0x55, 0x55,
  0x55, 0x55, 0x55, 0x00, 0x00, 0x0f, 0x00, 0x00, 0x00, 0x00, 0x00, 0x00,
  0x00, 0x00, 0x55, 0x55, 0x55, 0x00, 0x00, 0x00, 0x00, 0x00, 0x00, 0x00,
  0x00, 0x00, 0x00, 0x00, 0x05, 0x55, 0xcc, 0xcc, 0xcc, 0x55, 0x50, 0x00,
  0x00, 0x00, 0x00, 0x00, 0x00, 0x00, 0x00, 0x00, 0x5c, 0xcf, 0xff, 0xcc,
  0xcc, 0xcc, 0xc5, 0x00, 0x00, 0x00, 0x00, 0x00, 0x00, 0x00, 0x00, 0x05,
  0xcc, 0xff, 0xff, 0xfc, 0xcc, 0xcc, 0xcc, 0x50, 0x00, 0x00, 0xc5, 0x00,
  0x00, 0x00, 0x00, 0x5c, 0xcc, 0xff, 0xff, 0xfc, 0xcc, 0xcc, 0xcc, 0xc5,
  0x0c, 0xcc, 0x00, 0x00, 0x00, 0x00, 0x00, 0x5c, 0xcc, 0xcf, 0xff, 0xcc,
  0xcc, 0xcc, 0xcc, 0xcc, 0xc0, 0x00, 0x00, 0x00, 0x00, 0x00, 0x00, 0x5c,
  0xcc, 0xcc, 0xcc, 0xcc, 0xcc, 0xcc, 0xcc, 0xc5, 0x00, 0x00, 0x00, 0x00,
  0x00, 0x00, 0x00, 0x5c, 0xcc, 0xcc, 0xcc, 0xcc, 0xcc, 0xcc, 0xcc, 0xc5,
  0x00, 0x00, 0x00, 0x00, 0x00, 0x00, 0x00, 0x05, 0xcc, 0xcc, 0xcc, 0xcc,
  0xcc, 0xcc, 0xcc, 0x50, 0x00, 0x00, 0x0f, 0x00, 0x00, 0x00, 0x00, 0x00,
  0x5c, 0xcc, 0xcc, 0xcc, 0xcc, 0xcc, 0xc5, 0x00, 0x0f, 0x00, 0x00, 0x00,
  0x00, 0x00, 0x00, 0x00, 0x05, 0x55, 0xcc, 0xcc, 0xcc, 0x55, 0x50, 0x00,
  0x00, 0x00, 0x00, 0x00, 0x00, 0x00, 0x00, 0x00, 0x00, 0x00, 0x55, 0x55,
  0x55, 0x00, 0x00, 0x00, 0x00, 0x00, 0x00, 0x00, 0x00, 0x00, 0x00, 0x00,
  0x00, 0x00, 0x00, 0x00, 0x00, 0x00, 0x00, 0x00, 0x00, 0x00, 0x00, 0x00,
  0x00, 0x00, 0x00, 0x00, 0x00, 0x00, 0x00, 0x00, 0x00, 0x00, 0x00, 0x00,
  0x00, 0x00, 0x00, 0x00, 0x00, 0x00, 0x00, 0x00, 0x00, 0x00, 0x00, 0x00,
  0x00, 0x00, 0x00, 0x00, 0x00, 0x00, 0x00, 0x00, 0x00, 0x00, 0x00, 0x00,
  0x00, 0x00, 0x00, 0x00, 0x00, 0x00, 0x00, 0x00, 0x00, 0x00, 0x00, 0x00,
  0x00, 0x00, 0x00, 0x00, 0x00, 0x00, 0x00, 0x00, 0x00, 0x00, 0x00, 0x00,
  0x00, 0x00, 0x00, 0x00, 0x00, 0x00, 0x00, 0x00, 0x00, 0x00, 0x00, 0x00,
  0x00, 0x00, 0x00, 0x00, 0x00, 0x00, 0x00, 0x00, 0x00, 0x00, 0x00, 0x00,
  0x00, 0x00, 0x00, 0x00, 0x00, 0x00, 0x00, 0x00, 0x00, 0x00, 0x00, 0x00,
  0x00, 0x00, 0x00, 0x00, 0x00, 0x00, 0x00, 0x00, 0x00, 0x00, 0x00, 0x00,
  0x00, 0x00, 0x00, 0x00, 0x00, 0x00, 0x00, 0x00, 0x00, 0x00, 0x00, 0x00,
  0x00, 0x00, 0x00, 0x00, 0x00, 0x00, 0x00, 0x00, 0x00, 0x00, 0x00, 0x00,
  0x00, 0x00, 0x00, 0x00, 0x00, 0x00, 0x00, 0x00, 0x00, 0x00, 0x00, 0x00,
  0x00, 0x00, 0x00, 0x00, 0x00, 0x00, 0x00, 0x00, 0x00, 0x00, 0x00, 0x00,
  0x00, 0x00, 0x00, 0x00, 0x00, 0x00, 0x00, 0x00, 0x00, 0x00, 0x00, 0x00,
  0x20, 0x00, 0x00, 0x00, 0x00, 0x00, 0x00, 0x00, 0x00, 0x00, 0x0f, 0x00,
  0x00, 0x00, 0x00, 0x00, 0x20, 0x00, 0x00, 0x00, 0x00, 0x00, 0x00, 0x00,
  0x00, 0x00, 0x00, 0x00, 0x00, 0x20, 0x00, 0x02, 0x22, 0x00, 0x00, 0x20,
  0x00, 0x0f, 0x00, 0x00, 0x00, 0x00, 0x00, 0x00, 0x00, 0x22, 0x00, 0x02,
  0x22, 0x00, 0x02, 0x20, 0x00, 0x00, 0x00, 0x00, 0x00, 0x00, 0x00, 0x00,
  0x00, 0x22, 0x00, 0x02, 0x22, 0x00, 0x02, 0x20, 0x00, 0x00, 0x00, 0x00,
  0x00, 0x00, 0x00, 0x00, 0x00, 0x2a, 0x20, 0x2a, 0x2a, 0x20, 0x2a, 0x20,
  0x00, 0x00, 0x00, 0x00, 0x00, 0x00, 0x00, 0x00, 0x00, 0x2a, 0x20, 0x2a,
  0x2a, 0x20, 0x2a, 0x20, 0x00, 0x00, 0x00, 0x00, 0x00, 0x00, 0x00, 0x2a,
  0x00, 0x2a, 0xa2, 0xaa, 0x2a, 0xa2, 0xaa, 0x20, 0x00, 0x20, 0x00, 0x00,
  0x00, 0x00, 0x00, 0x02, 0x20, 0x2a, 0xa2, 0xaa, 0x2a, 0xa2, 0xaa, 0x20,
  0x22, 0x00, 0x00, 0x00, 0x00, 0x00, 0x00, 0x00, 0x22, 0x2a, 0xaa, 0x2a,
  0x2a, 0x2a, 0xaa, 0x22, 0xa2, 0x00, 0x00, 0x00, 0x00, 0x00, 0x00, 0x00,
  0x2a, 0xa2, 0x2a, 0x55, 0x55, 0x5a, 0x22, 0xaa, 0x20, 0x00, 0x00, 0x00,
  0x00, 0x00, 0x00, 0x00, 0x02, 0xaa, 0x55, 0xee, 0xee, 0xe5, 0x5a, 0xa2,
  0x00, 0x00, 0x00, 0x00, 0x00, 0x00, 0x00, 0x00, 0x00, 0x25, 0xee, 0x55,
  0x55, 0x5e, 0xe5, 0x20, 0x00, 0x00, 0x00, 0x00, 0x00, 0x00, 0x00, 0x00,
  0x00, 0x5e, 0xe5, 0x00, 0x50, 0x05, 0xee, 0x50, 0x00, 0x00, 0x00, 0x00,
  0x00, 0x00, 0x00, 0x00, 0x00, 0x5e, 0x50, 0x00, 0x50, 0x00, 0x5e, 0x50,
  0x00, 0x00, 0x00, 0x00, 0x00, 0x00, 0x00, 0x00, 0x05, 0xe5, 0x00, 0x00,
  0x50, 0x00, 0x05, 0xe5, 0x00, 0x00, 0x00, 0x00, 0x00, 0x00, 0x00, 0x00,
  0x05, 0xe5, 0x00, 0x00, 0x50, 0x00, 0x05, 0xe5, 0x00, 0x00, 0x00, 0x00,
  0x00, 0x00, 0x00, 0x00, 0x05, 0xe5, 0x00, 0x00, 0x50, 0x00, 0x05, 0xe5,
  0x00, 0x00, 0x00, 0x00, 0x00, 0x00, 0x00, 0x00, 0x05, 0xe5, 0x00, 0x05,
  0x55, 0x00, 0x05, 0xe5, 0x00, 0x00, 0x00, 0x00, 0x00, 0x00, 0x00, 0xf0,
  0x05, 0xe5, 0x00, 0x50, 0x50, 0x50, 0x05, 0xe5, 0x00, 0x00, 0x00, 0x00,
  0x00, 0x00, 0x00, 0x00, 0x00, 0x5e, 0x55, 0x00, 0x50, 0x05, 0x5e, 0x50,
  0x0f, 0x00, 0x00, 0x00, 0x00, 0x00, 0x00, 0x00, 0x00, 0x5e, 0x55, 0x00,
  0x50, 0x05, 0x5e, 0x50, 0x00, 0x00, 0x00, 0x00, 0x00, 0x00, 0x00, 0x00,
  0x00, 0x05, 0xee, 0x55, 0x55, 0x5e, 0xe5, 0x00, 0x00, 0x00, 0x00, 0x00,
  0x00, 0x00, 0x00, 0x00, 0x00, 0x00, 0x55, 0xee, 0xee, 0xe5, 0x50, 0x00,
  0x00, 0x00, 0x00, 0x00, 0x00, 0x00, 0x00, 0x00, 0x00, 0x00, 0x00, 0x55,
  0x55, 0x50, 0x00, 0x00, 0x00, 0x00, 0x00, 0x00, 0x00, 0x00, 0x00, 0x00,
  0x00, 0x00, 0x00, 0x00, 0x00, 0x00, 0x00, 0x00, 0x00, 0x00, 0x00, 0x00,
  0x00, 0x00, 0x00, 0x00, 0x00, 0x00, 0x00, 0x00, 0x00, 0x00, 0x00, 0x00,
  0x00, 0x00, 0x00, 0x00, 0x00, 0x00, 0x00, 0x00, 0x00, 0x00, 0x00, 0x00,
  0x00, 0x00, 0x00, 0x00, 0x00, 0x00, 0x00, 0x00, 0x00, 0x00, 0x00, 0x00,
  0x00, 0x00, 0x00, 0x00, 0x00, 0x00, 0x00, 0x00, 0x00, 0x00, 0x00, 0x00,
  0x00, 0x00, 0x00, 0x00, 0x00, 0x00, 0x00, 0x00, 0x00, 0x00, 0x00, 0x00,
  0x00, 0x00, 0x00, 0x00, 0x00, 0x00, 0x00, 0x00, 0x00, 0x00, 0x00, 0x00,
  0x00, 0x00, 0x00, 0x00, 0x00, 0x00, 0x00, 0x00, 0x00, 0x00, 0x00, 0x00,
  0x00, 0x00, 0x00, 0x00, 0x00, 0x00, 0x00, 0x00, 0x00, 0x00, 0x00, 0x00,
  0x00, 0x00, 0x00, 0x00, 0x00, 0x00, 0x00, 0x00, 0x00, 0x00, 0x00, 0x00,
  0x00, 0x00, 0x00, 0x00, 0x00, 0x00, 0x00, 0x00, 0x00, 0x00, 0x00, 0x00,
  0x00, 0x00, 0x00, 0x00, 0x00, 0x00, 0x00, 0x00, 0x00, 0x00, 0x00, 0x00,
  0x00, 0x00, 0x00, 0x00, 0x00, 0x00, 0x00, 0x00, 0x00, 0x00, 0x00, 0x00,
  0x00, 0x00, 0x00, 0x00, 0x00, 0x00, 0x00, 0x00, 0x05, 0x55, 0x00, 0x00,
  0x00, 0x00, 0x00, 0x00, 0x00, 0x00, 0x00, 0x00, 0x00, 0x00, 0x00, 0x00,
  0x5e, 0xee, 0x50, 0x00, 0x00, 0x00, 0x00, 0x00, 0x00, 0x00, 0x00, 0x00,
  0x00, 0x00, 0x00, 0x05, 0xee, 0xee, 0xe5, 0x00, 0x00, 0x00, 0x00, 0x00,
  0x00, 0x00, 0x00, 0x00, 0x00, 0x00, 0x00, 0x5e, 0xee, 0xee, 0xee, 0x50,
  0x00, 0x00, 0x00, 0x00, 0x00, 0x00, 0x00, 0x00, 0x00, 0x00, 0x00, 0x5e,
  0xee, 0xee, 0xee, 0x50, 0x00, 0x00, 0x00, 0x00, 0x00, 0x00, 0x00, 0x00,
  0x55, 0x55, 0x00, 0x5e, 0xee, 0xee, 0xee, 0x50, 0x00, 0x00, 0x00, 0x00,
  0x00, 0x00, 0x00, 0x05, 0xdd, 0xdd, 0x55, 0xee, 0xee, 0xee, 0xee, 0xe5,
  0x55, 0x55, 0x00, 0x00, 0x00, 0x00, 0x00, 0x5d, 0xdd, 0xdd, 0xd5, 0xaa,
  0xaa, 0xaa, 0xaa, 0xa5, 0xdd, 0xdd, 0x50, 0x00, 0x00, 0x00, 0x00, 0x5d,
  0xdd, 0xdd, 0xd5, 0xee, 0xee, 0xee, 0xee, 0x5d, 0xdd, 0xdd, 0xd5, 0x00,
  0x00, 0x00, 0x05, 0xdd, 0xdd, 0xdd, 0xd5, 0xee, 0xee, 0xee, 0xee, 0x5d,
  0xdd, 0xdd, 0xd5, 0x00, 0x00, 0x00, 0x05, 0xdd, 0xdd, 0xdd, 0xd5, 0xee,
  0xee, 0xee, 0xe5, 0xdd, 0xdd, 0xdd, 0xdd, 0x50, 0x00, 0x00, 0x05, 0xdd,
  0xdd, 0xdd, 0xd5, 0xed, 0xed, 0xed, 0xed, 0xdd, 0xdd, 0xdd, 0xdd, 0x50,
  0x00, 0x00, 0x05, 0xff, 0xff, 0xff, 0xff, 0xee, 0xee, 0xee, 0xe5, 0xdd,
  0xdd, 0xdd, 0xdd, 0x50, 0x00, 0x00, 0x05, 0xdd, 0xdd, 0xdd, 0xd5, 0xee,
  0xee, 0xee, 0xe5, 0xff, 0xff, 0xff, 0xff, 0x50, 0x00, 0x00, 0x05, 0xdd,
  0xdd, 0xdd, 0xdd, 0x5e, 0xee, 0xee, 0xe5, 0xdd, 0xdd, 0xdd, 0xdd, 0x50,
  0x00, 0x00, 0x05, 0xdd, 0xdd, 0xdd, 0xdd, 0x5e, 0xee, 0xee, 0xe5, 0xdd,
  0xdd, 0xdd, 0xdd, 0x50, 0x00, 0x00, 0x00, 0x5d, 0xdd, 0xdd, 0xd5, 0x5e,
  0xee, 0xee, 0xee, 0x5d, 0xdd, 0xdd, 0xd5, 0x00, 0x00, 0x00, 0x00, 0x5d,
  0xdd, 0xdd, 0xd5, 0x05, 0xee, 0xee, 0xe5, 0x5d, 0xdd, 0xdd, 0xd5, 0x00,
  0x00, 0x00, 0x00, 0x05, 0xdd, 0xdd, 0x50, 0x00, 0x5e, 0xee, 0x50, 0x05,
  0xdd, 0xdd, 0x50, 0x00, 0x00, 0x00, 0x00, 0x00, 0x55, 0x55, 0x00, 0x00,
  0x05, 0x55, 0x00, 0x00, 0x55, 0x55, 0x00, 0x00, 0x00, 0x00, 0x00, 0x00,
  0x00, 0x00, 0x00, 0x00, 0x00, 0x00, 0x00, 0x00, 0x00, 0x00, 0x00, 0x00,
  0x00, 0x00, 0x00, 0x00, 0x00, 0x00, 0x00, 0x00, 0x00, 0x00, 0x00, 0x00,
  0x00, 0x00, 0x00, 0x00, 0x00, 0x00, 0x00, 0x00, 0x00, 0x00, 0x00, 0x00,
  0x00, 0x00, 0x00, 0x00, 0x00, 0x00, 0x00, 0x00, 0x00, 0x00, 0x00, 0x00,
  0x00, 0x00, 0x00, 0x00, 0x00, 0x00, 0x00, 0x00, 0x00, 0x00, 0x00, 0x00,
  0x00, 0x00, 0x00, 0x00, 0x00, 0x00, 0x00, 0x00, 0x00, 0x00, 0x00, 0x00,
  0x00, 0x00, 0x00, 0x00, 0x00, 0x00, 0x00, 0x00, 0x00, 0x00, 0x00, 0x00,
  0x00, 0x00, 0x00, 0x00, 0x00, 0x00, 0x00, 0x00, 0x00, 0x00, 0x00, 0x00,
  0x00, 0x00, 0x00, 0x00, 0x00, 0x00, 0x00, 0x00, 0x00, 0x00, 0x00, 0x00,
  0x00, 0x00, 0x00, 0x00, 0x00, 0x00, 0x00, 0x00, 0x00, 0x00, 0x00, 0x00,
  0x00, 0x00, 0x00, 0x00, 0x00, 0x00, 0x00, 0x00, 0x00, 0x00, 0x05, 0x55,
  0x55, 0x55, 0x00, 0x00, 0x00, 0x00, 0x00, 0x00, 0x00, 0x00, 0x00, 0x00,
  0x00, 0x05, 0x5b, 0xbb, 0x5b, 0xbb, 0x55, 0x00, 0x00, 0x00, 0x00, 0x00,
  0x00, 0x00, 0x00, 0x00, 0x05, 0x5b, 0xbb, 0xbb, 0x5b, 0xbb, 0xbb, 0x55,
  0x00, 0x00, 0x00, 0x00, 0x00, 0x00, 0x00, 0x00, 0x5b, 0xbb, 0xbb, 0xbb,
  0x5b, 0xbb, 0xbb, 0xbb, 0x50, 0x00, 0x00, 0x00, 0x00, 0x00, 0x00, 0x05,
  0xbb, 0xbb, 0xbb, 0xbb, 0x5b, 0xaa, 0xaa, 0xaa, 0xa5, 0x00, 0x00, 0x00,
  0x00, 0x00, 0x00, 0x5b, 0xbb, 0xbb, 0xbb, 0xbb, 0x5b, 0xaa, 0xaa, 0xaa,
  0xab, 0x50, 0x00, 0x00, 0x00, 0x00, 0x00, 0x5b, 0xaa, 0xaa, 0xaa, 0xab,
  0x5b, 0xaa, 0xaa, 0xaa, 0xab, 0x50, 0x00, 0x00, 0x00, 0x00, 0x05, 0xbb,
  0xaa, 0xaa, 0xaa, 0xab, 0x5b, 0xaa, 0xaa, 0xaa, 0xab, 0xb5, 0x00, 0x00,
  0x00, 0x00, 0x05, 0xbb, 0xaa, 0xaa, 0xaa, 0xab, 0x5b, 0xaa, 0xaa, 0xaa,
  0xab, 0xb5, 0x00, 0x00, 0x00, 0x00, 0x5b, 0xbb, 0xaa, 0xaa, 0xaa, 0xab,
  0x5b, 0xaa, 0xaa, 0xaa, 0xab, 0xbb, 0x50, 0x00, 0x00, 0x00, 0x5b, 0xbb,
  0xaa, 0xaa, 0xaa, 0xab, 0x5b, 0xbb, 0xbb, 0xbb, 0xbb, 0xbb, 0x50, 0x00,
  0x00, 0x00, 0x5b, 0xbb, 0xaa, 0xaa, 0xaa, 0xaa, 0x5b, 0xbb, 0xbb, 0xbb,
  0xbb, 0xbb, 0x50, 0x00, 0x00, 0x00, 0x55, 0x55, 0x55, 0x55, 0x55, 0x55,
  0x55, 0x55, 0x55, 0x55, 0x55, 0x55, 0x50, 0x00, 0x00, 0x00, 0x5b, 0xbb,
  0xbb, 0xbb, 0xbb, 0xbb, 0x5b, 0xba, 0xab, 0xbb, 0xbb, 0xbb, 0x50, 0x00,
  0x00, 0x00, 0x5b, 0xbb, 0xbb, 0xbb, 0xbb, 0xbb, 0x5b, 0xbb, 0xbb, 0xbb,
  0xbb, 0xbb, 0x50, 0x00, 0x00, 0x00, 0x5b, 0xbb, 0xbb, 0xbb, 0xbb, 0xbb,
  0x5b, 0xbb, 0xbb, 0xbb, 0xbb, 0xbb, 0x50, 0x00, 0x00, 0x00, 0x05, 0xbb,
  0xbb, 0xba, 0xaa, 0xaa, 0x5a, 0xab, 0xbb, 0xbb, 0xbb, 0xb5, 0x00, 0x00,
  0x00, 0x00, 0x05, 0xbb, 0xbb, 0xba, 0xaa, 0xaa, 0x5a, 0xab, 0x22, 0x2b,
  0xbb, 0x22, 0x20, 0x00, 0x00, 0x00, 0x00, 0x5b, 0xbb, 0xba, 0xaa, 0xaa,
  0x5a, 0x22, 0xaa, 0x22, 0x22, 0xaa, 0x22, 0x20, 0x00, 0x00, 0x00, 0x5b,
  0xbb, 0xba, 0xaa, 0xaa, 0x5a, 0x2a, 0x22, 0xaa, 0x2a, 0x22, 0xaa, 0x20,
  0x00, 0x00, 0x00, 0x05, 0xbb, 0xba, 0xaa, 0xaa, 0x5a, 0x22, 0xaa, 0xa2,
  0x22, 0xaa, 0xa2, 0x20, 0x00, 0x00, 0x00, 0x00, 0x5b, 0xbb, 0xbb, 0xbb,
  0x5b, 0xbb, 0x22, 0x2b, 0x60, 0x22, 0x20, 0x00, 0x00, 0x00, 0x00, 0x00,
  0x05, 0x5b, 0xbb, 0xbb, 0x5b, 0xbb, 0xbb, 0x55, 0x60, 0x00, 0x00, 0x00,
  0x00, 0x00, 0x00, 0x00, 0x00, 0x05, 0x5b, 0xbb, 0x5b, 0xbb, 0x55, 0x00,
  0x60, 0x00, 0x00, 0x00, 0x00, 0x00, 0x00, 0x00, 0x00, 0x00, 0x05, 0x55,
  0x55, 0x55, 0x00, 0x00, 0x60, 0x00, 0x00, 0x00, 0x00, 0x00, 0x00, 0x00,
  0x00, 0x00, 0x00, 0x00, 0x00, 0x00, 0x00, 0x00, 0x60, 0x00, 0x00, 0x00,
  0x00, 0x00, 0x00, 0x00, 0x00, 0x00, 0x00, 0x00, 0x00, 0x00, 0x00, 0x00,
  0x60, 0x00, 0x00, 0x00, 0x00, 0x00, 0x00, 0x00, 0x00, 0x00, 0x00, 0x00,
  0x00, 0x00, 0x00, 0x00, 0x60, 0x00, 0x00, 0x00, 0x00, 0x00, 0x00, 0x00,
  0x00, 0x00, 0x00, 0x00, 0x00, 0x00, 0x00, 0x00, 0x00, 0x00, 0x00, 0x00,
  0x00, 0x00, 0x00, 0x00, 0x00, 0x00, 0x00, 0x00, 0x00, 0x00, 0x00, 0x00,
  0x00, 0x00, 0x00, 0x00, 0x00, 0x00, 0x00, 0x00, 0x00, 0x00, 0x00, 0x0f,
  0xff, 0x00, 0x00, 0x00, 0x00, 0x00, 0x00, 0x00, 0x00, 0x00, 0x00, 0x00,
  0x00, 0x00, 0x00, 0x0f, 0xff, 0x00, 0x00, 0x00, 0x00, 0x00, 0x00, 0x00,
  0x00, 0x00, 0x00, 0x00, 0x00, 0x00, 0x0a, 0xaf, 0xff, 0xaa, 0x00, 0x00,
  0x00, 0x00, 0x00, 0x00, 0x00, 0x00, 0x00, 0x00, 0x00, 0x0b, 0x0a, 0xaf,
  0xff, 0xaa, 0x0b, 0x00, 0x00, 0x00, 0x00, 0x00, 0x00, 0x00, 0x0f, 0x00,
  0x00, 0x00, 0x0a, 0xaf, 0xff, 0xaa, 0x00, 0x00, 0x00, 0x00, 0x00, 0x00,
  0x00, 0x00, 0x00, 0x00, 0x00, 0x00, 0x0a, 0xaf, 0xff, 0xaa, 0x00, 0x00,
  0x00, 0x00, 0x00, 0x00, 0x00, 0x00, 0x00, 0x00, 0x00, 0x00, 0x0a, 0xaf,
  0xff, 0xaa, 0x00, 0x00, 0x0f, 0x00, 0x00, 0x00, 0x00, 0x00, 0x00, 0x00,
  0x00, 0x0b, 0x0a, 0xaf, 0xff, 0xaa, 0x0b, 0x00, 0x00, 0x00, 0x00, 0x00,
  0x00, 0x00, 0x00, 0x00, 0x00, 0x00, 0x0a, 0xaf, 0xff, 0xaa, 0x00, 0x00,
  0x00, 0x00, 0x00, 0x00, 0x00, 0x00, 0x00, 0x00, 0x00, 0x00, 0x0a, 0xaf,
  0xff, 0xaa, 0x00, 0x00, 0x00, 0x00, 0x00, 0x00, 0x00, 0x00, 0x00, 0x00,
  0x00, 0x00, 0x0a, 0xaf, 0xff, 0xaa, 0x00, 0x00, 0x00, 0x00, 0x00, 0x00,
  0x00, 0x00, 0x00, 0x00, 0x00, 0x0b, 0x0a, 0xaf, 0xff, 0xaa, 0x0b, 0x00,
  0x00, 0x00, 0x00, 0x00, 0x00, 0x00, 0x00, 0x00, 0x00, 0x00, 0x0a, 0xaf,
  0xff, 0xaa, 0x00, 0x00, 0x00, 0x00, 0x00, 0x00, 0x00, 0x00, 0x00, 0x00,
  0x00, 0x00, 0x0a, 0xaf, 0xff, 0xaa, 0x00, 0x00, 0x00, 0x00, 0x00, 0x00,
  0x00, 0x00, 0x00, 0x00, 0x00, 0x00, 0x0a, 0xaf, 0xff, 0xaa, 0x00, 0x00,
  0x00, 0x00, 0x00, 0x00, 0x00, 0x00, 0x00, 0x00, 0x00, 0x0b, 0x0a, 0xaf,
  0xff, 0xaa, 0x0b, 0x00, 0x00, 0x00, 0x00, 0x00, 0x00, 0x00, 0x00, 0x00,
  0x00, 0x00, 0x0a, 0xaf, 0xff, 0xaa, 0x00, 0x00, 0x00, 0x00, 0x00, 0x00,
  0x00, 0x00, 0x00, 0x00, 0x00, 0x00, 0x05, 0x55, 0x55, 0x55, 0x00, 0x00,
  0x00, 0x00, 0x00, 0x00, 0x00, 0x00, 0x00, 0x00, 0xf0, 0x00, 0x05, 0x55,
  0x55, 0x55, 0x00, 0x00, 0x00, 0x00, 0x00, 0x00, 0x00, 0x00, 0x00, 0x00,
  0x00, 0x00, 0x05, 0x55, 0x55, 0x55, 0x00, 0x00, 0x00, 0x00, 0x00, 0x00,
  0x00, 0x00, 0x00, 0x00, 0x00, 0x00, 0x00, 0x58, 0x88, 0x50, 0x00, 0x00,
  0x00, 0x00, 0x00, 0x00, 0x00, 0x00, 0x00, 0x00, 0x00, 0x00, 0x00, 0x58,
  0x88, 0x50, 0x00, 0x00, 0x00, 0x0f, 0x00, 0x00, 0x00, 0x00, 0x00, 0x00,
  0x00, 0x00, 0x00, 0x58, 0x88, 0x50, 0x00, 0x00, 0x00, 0x00, 0x00, 0x00,
  0x00, 0x00, 0x00, 0x00, 0x00, 0x00, 0x00, 0x58, 0x88, 0x50, 0x00, 0x00,
  0x00, 0x00, 0x00, 0x00, 0x00, 0x00, 0x00, 0x00, 0x00, 0x00, 0x00, 0x58,
  0x88, 0x50, 0x00, 0x00, 0x00, 0x00, 0x00, 0x00, 0x00, 0x00, 0x00, 0x00,
  0x00, 0x00, 0x00, 0x58, 0x88, 0x50, 0x00, 0x00, 0x00, 0x00, 0x00, 0x00,
  0x00, 0x00, 0x00, 0x00, 0x00, 0x00, 0x00, 0x58, 0x88, 0x50, 0x00, 0x00,
  0x00, 0x00, 0x00, 0x00, 0x00, 0x00, 0x00, 0x00, 0x00, 0x00, 0x00, 0x55,
  0x55, 0x50, 0x00, 0x00, 0x00, 0x00, 0x00, 0x00, 0x00, 0x00, 0x00, 0x00,
  0x00, 0x00, 0x00, 0x00, 0x00, 0x00, 0x00, 0x00, 0x00, 0x00, 0x00, 0x00,
  0x00, 0x00, 0x00, 0x00, 0x00, 0x00, 0x00, 0x00, 0x00, 0x00, 0x00, 0x00,
  0x00, 0x00, 0x00, 0x00, 0x00, 0x00, 0x00, 0x00, 0x00, 0x00, 0x00, 0x00,
  0x00, 0x00, 0x00, 0x00, 0x00, 0x00, 0x00, 0x00, 0x00, 0x00, 0x00, 0x00,
  0x00, 0x00, 0x00, 0x00, 0x00, 0x00, 0x00, 0x00, 0x00, 0x00, 0x00, 0x00,
  0x00, 0x00, 0x00, 0x00, 0x00, 0x00, 0x00, 0x00, 0x00, 0x00, 0x00, 0x00,
  0x00, 0x00, 0x00, 0x00, 0x00, 0x00, 0x00, 0x00, 0x00, 0x00, 0x00, 0x00,
  0x00, 0x00, 0x00, 0x00, 0x00, 0x00, 0x00, 0x00, 0x00, 0x00, 0x00, 0x00,
  0x00, 0x00, 0x00, 0x00, 0x00, 0x00, 0x00, 0x00, 0x00, 0x00, 0x00, 0x00,
  0x00, 0x00, 0x00, 0x00, 0x00, 0x00, 0x00, 0x00, 0x00, 0x00, 0x00, 0x00,
  0x00, 0x00, 0x00, 0x00, 0x00, 0x00, 0x00, 0x00, 0x00, 0x00, 0x00, 0x00,
  0x00, 0x00, 0x00, 0x00, 0x05, 0x55, 0x50, 0x00, 0x00, 0x00, 0x00, 0x00,
  0x00, 0x00, 0x00, 0x00, 0x00, 0x00, 0x00, 0x00, 0x56, 0x66, 0x65, 0x00,
  0x00, 0x00, 0x00, 0x00, 0x00, 0x00, 0x00, 0x55, 0x55, 0x50, 0x00, 0x05,
  0x66, 0x66, 0x66, 0x50, 0x00, 0x00, 0x00, 0x00, 0x00, 0x00, 0x05, 0xcc,
  0xcc, 0xc5, 0x00, 0x05, 0x65, 0x66, 0x66, 0x50, 0x00, 0x00, 0x00, 0x00,
  0x00, 0x00, 0x5c, 0xcc, 0xcc, 0xcc, 0x50, 0x05, 0x66, 0x66, 0x56, 0x50,
  0x00, 0x00, 0x00, 0x00, 0x00, 0x05, 0xcc, 0xcc, 0xcc, 0xcc, 0xc5, 0x05,
  0x66, 0x66, 0x66, 0x50, 0x00, 0x00, 0x00, 0x00, 0x00, 0x05, 0xcc, 0xcc,
  0xcc, 0xcc, 0xc5, 0x00, 0x56, 0x66, 0x65, 0x00, 0x00, 0x00, 0x00, 0x00,
  0x00, 0x5c, 0xcc, 0xcc, 0xcc, 0xcc, 0xcc, 0x50, 0x05, 0x65, 0x50, 0x00,
  0x00, 0x00, 0x00, 0x00, 0x00, 0x5c, 0xcc, 0xcc, 0xcc, 0xcc, 0xcc, 0x50,
  0x00, 0x60, 0x00, 0x00, 0x00, 0x00, 0x00, 0x00, 0x00, 0x5c, 0xcc, 0xcc,
  0xcc, 0xcc, 0xcc, 0x50, 0x00, 0x60, 0x00, 0x00, 0x00, 0x00, 0x00, 0x00,
  0x00, 0x5c, 0xcc, 0xcc, 0xcc, 0xcc, 0xcc, 0x50, 0x00, 0x60, 0x00, 0x00,
  0x00, 0x00, 0x00, 0x00, 0x00, 0x5c, 0xcc, 0xcc, 0xcc, 0xcc, 0xcc, 0x50,
  0x00, 0x60, 0x00, 0x00, 0x00, 0x00, 0x00, 0x00, 0x00, 0x05, 0xcc, 0xcc,
  0xcc, 0xcc, 0xc5, 0x00, 0x00, 0x60, 0x00, 0x00, 0x00, 0x00, 0x00, 0x05,
  0x55, 0xee, 0xee, 0xee, 0xee, 0xee, 0xee, 0xe5, 0x55, 0x60, 0x00, 0x00,
  0x00, 0x00, 0x05, 0x5c, 0xcc, 0xcc, 0x5c, 0xcc, 0xcc, 0xcc, 0x5c, 0xcc,
  0xcc, 0x65, 0x00, 0x00, 0x00, 0x00, 0x5c, 0xcc, 0xcc, 0xcc, 0xaa, 0xaa,
  0xaa, 0xaa, 0xac, 0xcc, 0xcc, 0x6c, 0x50, 0x00, 0x00, 0x00, 0x5c, 0xcc,
  0xcc, 0xcc, 0xcc, 0x55, 0x55, 0x5c, 0xcc, 0xcc, 0xcc, 0x6c, 0x50, 0x00,
  0x00, 0x00, 0x05, 0x5c, 0xcc, 0xcc, 0xcc, 0xcc, 0xcc, 0xcc, 0xcc, 0xcc,
  0xcc, 0x65, 0x00, 0x00, 0x00, 0x00, 0x00, 0x05, 0x55, 0x5c, 0xcc, 0xcc,
  0xcc, 0xcc, 0xcc, 0x55, 0x55, 0x00, 0x00, 0x00, 0x00, 0x00, 0x00, 0x00,
  0x00, 0x05, 0x55, 0x55, 0x55, 0x55, 0x55, 0x00, 0x00, 0x00, 0x00, 0x00,
  0x00, 0x00, 0x00, 0x00, 0x00, 0x00, 0x00, 0x00, 0x00, 0x00, 0x00, 0x00,
  0x00, 0x00, 0x00, 0x00, 0x00, 0x00, 0x00, 0x00, 0x00, 0x00, 0x00, 0x00,
  0x00, 0x00, 0x00, 0x00, 0x00, 0x00, 0x00, 0x00, 0x00, 0x00, 0x00, 0x00,
  0x00, 0x00, 0x00, 0x00, 0x00, 0x00, 0x00, 0x00, 0x00, 0x00, 0x00, 0x00,
  0x00, 0x00, 0x00, 0x00, 0x00, 0x00, 0x00, 0x00, 0x00, 0x00, 0x00, 0x00,
  0x00, 0x00, 0x00, 0x00, 0x00, 0x00, 0x00, 0x00, 0x00, 0x00, 0x00, 0x00,
  0x00, 0x00, 0x00, 0x00, 0x00, 0x00, 0x00, 0x00, 0x00, 0x00, 0x00, 0x00,
  0x00, 0x00, 0x00, 0x00, 0x00, 0x00, 0x00, 0x00, 0x00, 0x00, 0x00, 0x00,
  0x00, 0x00, 0x00, 0x00, 0x00, 0x00, 0x00, 0x00, 0x00, 0x00, 0x00, 0x00,
  0x00, 0x00, 0x00, 0x00, 0x00, 0x00, 0x00, 0x00, 0x00, 0x00, 0x00, 0x00,
  0x00, 0x00, 0x00, 0x00, 0x00, 0x00, 0x00, 0x00, 0x00, 0x00, 0x00, 0x00,
  0x00, 0x00, 0x00, 0x00, 0x00, 0x00, 0x00, 0x00, 0x00, 0x00, 0x00, 0x00,
  0x00, 0x00, 0x00, 0x00, 0x00, 0x00, 0x00, 0x00, 0x00, 0x00, 0x00, 0x00,
  0x00, 0x00, 0x00, 0x00, 0x00, 0x00, 0x00, 0x00, 0x00, 0x00, 0x00, 0x00,
  0x00, 0x00, 0x00, 0x00, 0x00, 0x00, 0x00, 0x00, 0x00, 0x00, 0x00, 0x00,
  0x00, 0x00, 0x00, 0x00, 0x00, 0x00, 0x00, 0x00, 0x00, 0x00, 0x00, 0x00,
  0x00, 0x00, 0x00, 0x00, 0x00, 0x00, 0x00, 0x00, 0x00, 0x00, 0x00, 0x00,
  0x00, 0x00, 0x00, 0x00, 0x00, 0x00, 0x00, 0x00, 0x00, 0x00, 0x00, 0xe0,
  0x00, 0x00, 0x00, 0x00, 0x00, 0x00, 0x00, 0x00, 0x00, 0x00, 0x00, 0x00,
  0x00, 0x00, 0x00, 0x00, 0x00, 0x00, 0x00, 0x00, 0x00, 0x00, 0x00, 0x00,
  0x00, 0x00, 0x00, 0x00, 0x00, 0x00, 0xe0, 0xe0, 0xe0, 0x00, 0xf0, 0x00,
  0x00, 0x00, 0x00, 0x00, 0x00, 0x00, 0x00, 0x00, 0xd0, 0x00, 0x00, 0xa0,
  0x00, 0x00, 0x00, 0x00, 0x00, 0x00, 0x00, 0x00, 0x00, 0x00, 0x00, 0x00,
  0x00, 0x00, 0x00, 0xe0, 0x00, 0xf0, 0xe0, 0xf0, 0x00, 0x00, 0x00, 0x00,
  0x00, 0x00, 0x00, 0xd0, 0xe0, 0xd0, 0x00, 0xa0, 0x00, 0x00, 0xa0, 0x00,
  0x00, 0x00, 0x00, 0x00, 0x00, 0x00, 0x00, 0x00, 0xa0, 0x00, 0x00, 0xa0,
  0x00, 0x0a, 0xf0, 0x00, 0xc0, 0x00, 0x00, 0x00, 0x00, 0x00, 0x00, 0x00,
  0xda, 0x00, 0x00, 0xa0, 0x00, 0x0a, 0x00, 0x00, 0x00, 0x00, 0x00, 0x00,
  0x00, 0x00, 0x00, 0x00, 0x0a, 0x00, 0x00, 0xa0, 0x00, 0xa0, 0x00, 0xc0,
  0xe0, 0xc0, 0x00, 0x00, 0x00, 0x00, 0x00, 0x00, 0x00, 0xa0, 0x00, 0xa0,
  0x00, 0xa0, 0x00, 0x0a, 0x00, 0x00, 0x00, 0x00, 0x00, 0x00, 0x00, 0x00,
  0x00, 0xa0, 0x00, 0xa0, 0x00, 0xa0, 0x00, 0xa0, 0xc0, 0x00, 0x00, 0x00,
  0x00, 0x00, 0x00, 0x00, 0x00, 0x0a, 0x00, 0xa0, 0x0a, 0x00, 0x0a, 0x00,
  0x00, 0x00, 0x00, 0x00, 0x00, 0x00, 0x00, 0x00, 0x00, 0x0a, 0x00, 0xa0,
  0x0a, 0x00, 0xa0, 0x00, 0x00, 0x00, 0x00, 0x00, 0x00, 0x00, 0x00, 0x00,
  0x00, 0x00, 0xa0, 0xa0, 0xa0, 0x0a, 0x00, 0x00, 0x00, 0x00, 0x00, 0x00,
  0x00, 0x00, 0x00, 0x00, 0x00, 0x00, 0xa5, 0xa5, 0xa5, 0xa0, 0x00, 0x00,
  0x00, 0x00, 0x00, 0x00, 0x00, 0x00, 0x00, 0x00, 0x00, 0x05, 0x56, 0x66,
  0x66, 0x65, 0x50, 0x00, 0x00, 0x00, 0x00, 0x00, 0x00, 0x00, 0x00, 0x00,
  0x00, 0x56, 0x66, 0x66, 0x66, 0x66, 0x65, 0x00, 0x00, 0x00, 0x00, 0x00,
  0x00, 0x00, 0x0d, 0x0d, 0x05, 0x66, 0x66, 0x66, 0x66, 0x66, 0x66, 0x50,
  0x00, 0x00, 0x00, 0x00, 0x00, 0x00, 0xdd, 0xdd, 0xd5, 0x66, 0x66, 0x66,
  0x66, 0x66, 0x66, 0x50, 0x00, 0x00, 0x00, 0x00, 0x00, 0x00, 0x0d, 0xdd,
  0x05, 0x66, 0x66, 0x66, 0x66, 0x66, 0x66, 0x50, 0x00, 0x00, 0x00, 0x00,
  0x00, 0x00, 0x00, 0x00, 0x05, 0x66, 0x66, 0x66, 0x66, 0x66, 0x66, 0x50,
  0x00, 0x00, 0x00, 0x00, 0x00, 0x00, 0x00, 0x00, 0x00, 0x56, 0x66, 0x66,
  0x66, 0x66, 0x65, 0x00, 0x00, 0x00, 0x00, 0x00, 0x00, 0x00, 0x00, 0x00,
  0x00, 0x05, 0x56, 0x66, 0x66, 0x65, 0x50, 0x00, 0x00, 0x00, 0x00, 0x00,
  0x00, 0x00, 0x00, 0x00, 0x00, 0x00, 0x05, 0x55, 0x55, 0x50, 0x00, 0x00,
  0x00, 0x00, 0x00, 0x00, 0x00, 0x00, 0x00, 0x00, 0x00, 0x00, 0x00, 0x00,
  0x00, 0x00, 0x00, 0x00, 0x00, 0x00, 0x00, 0x00, 0x00, 0x00, 0x00, 0x00,
  0x00, 0x00, 0x00, 0x00, 0x00, 0x00, 0x00, 0x00, 0x00, 0x00, 0x00, 0x00,
  0x00, 0x00, 0x00, 0x00, 0x00, 0x00, 0x00, 0x00, 0x00, 0x00, 0x00, 0x00,
  0x00, 0x00, 0x00, 0x00, 0x00, 0x00, 0x00, 0x00, 0x00, 0x00, 0x00, 0x00,
  0x00, 0x00, 0x00, 0x00, 0x00, 0x00, 0x00, 0x00, 0x00, 0x00, 0x00, 0x00,
  0x00, 0x00, 0x00, 0x00, 0x00, 0x00, 0x00, 0x00, 0x00, 0x00, 0x00, 0x00,
  0x00, 0x00, 0x00, 0x00, 0x66, 0x00, 0x00, 0x00, 0x00, 0x00, 0x00, 0x00,
  0x00, 0x00, 0x00, 0x00, 0x00, 0x00, 0x00, 0x00, 0x66, 0x00, 0x00, 0x00,
  0x00, 0x00, 0x00, 0x00, 0x00, 0x00, 0x00, 0x00, 0x00, 0x00, 0x00, 0x00,
  0x66, 0x00, 0x00, 0x00, 0x00, 0x00, 0x00, 0x00, 0x00, 0x00, 0x00, 0x00,
  0x00, 0x00, 0x00, 0x00, 0x66, 0x00, 0x00, 0x00, 0x00, 0x00, 0x00, 0x00,
  0x00, 0x00, 0x00, 0x00, 0x00, 0x00, 0x00, 0x00, 0x66, 0x00, 0x00, 0x00,
  0x00, 0x00, 0x00, 0x00, 0x00, 0x00, 0x00, 0x00, 0x00, 0x00, 0x00, 0x00,
  0x66, 0x00, 0x00, 0x00, 0x00, 0x00, 0x00, 0x00, 0x00, 0x00, 0x00, 0x00,
  0x00, 0x00, 0x00, 0x00, 0x66, 0x00, 0x00, 0x00, 0x00, 0x00, 0x00, 0x00,
  0x00, 0x00, 0x00, 0x00, 0x00, 0x00, 0x00, 0x00, 0x66, 0x00, 0x00, 0x00,
  0x00, 0x00, 0x00, 0x00, 0x00, 0x00, 0x00, 0x00, 0x00, 0x00, 0x00, 0x00,
  0x66, 0x55, 0x55, 0x55, 0x55, 0x55, 0x55, 0x55, 0x55, 0x55, 0x00, 0x00,
  0x00, 0x00, 0x00, 0x00, 0x66, 0x51, 0x11, 0x11, 0x11, 0x1c, 0xcc, 0xcc,
  0xcc, 0xc5, 0x00, 0x00, 0x00, 0x00, 0x00, 0x00, 0x66, 0x51, 0x11, 0x11,
  0x11, 0x1f, 0xff, 0xff, 0xff, 0xf5, 0x00, 0x00, 0x00, 0x00, 0x00, 0x00,
  0x66, 0x51, 0x1f, 0x11, 0xf1, 0x1f, 0xff, 0xff, 0xff, 0xf5, 0x00, 0x00,
  0x00, 0x00, 0x00, 0x00, 0x66, 0x51, 0x11, 0x11, 0x11, 0x1c, 0xcc, 0xcc,
  0xcc, 0xc5, 0x00, 0x00, 0x00, 0x00, 0x00, 0x00, 0x66, 0x51, 0x11, 0xf1,
  0x11, 0x1f, 0xff, 0xff, 0xff, 0xf5, 0x00, 0x00, 0x00, 0x00, 0x00, 0x00,
  0x66, 0x5f, 0xff, 0xff, 0xff, 0xff, 0xff, 0xf5, 0x55, 0xf5, 0x00, 0x00,
  0x00, 0x00, 0x00, 0x00, 0x66, 0x5c, 0xcc, 0xcc, 0xcc, 0xcc, 0xcc, 0x5c,
  0xcc, 0x55, 0x00, 0x00, 0x00, 0x00, 0x00, 0x00, 0x66, 0x5f, 0xff, 0xff,
  0xff, 0xff, 0xff, 0x5c, 0x5c, 0x55, 0x00, 0x00, 0x00, 0x00, 0x00, 0x00,
  0x66, 0x5f, 0xff, 0xff, 0xff, 0xff, 0xff, 0x5c, 0xcc, 0x55, 0x00, 0x00,
  0x00, 0x00, 0x00, 0x00, 0x66, 0x55, 0x55, 0x55, 0x55, 0x55, 0x55, 0x55,
  0x55, 0x55, 0x00, 0x00, 0x00, 0x00, 0x00, 0x00, 0x66, 0x00, 0x00, 0x00,
  0x00, 0x00, 0x00, 0x00, 0x00, 0x00, 0x00, 0x00, 0x00, 0x00, 0x00, 0x00,
  0x66, 0x00, 0x00, 0x00, 0x00, 0x00, 0x55, 0x50, 0x00, 0x55, 0x50, 0x00,
  0x00, 0x00, 0x00, 0x00, 0x66, 0x00, 0x00, 0x00, 0x00, 0x05, 0xcc, 0xc5,
  0x05, 0xcc, 0xc5, 0x00, 0x00, 0x00, 0x00, 0x00, 0x66, 0x00, 0x00, 0x00,
  0x00, 0x05, 0xc5, 0xc5, 0x05, 0xc5, 0xc5, 0x00, 0x00, 0x00, 0x00, 0x00,
  0x66, 0x00, 0x00, 0x00, 0x00, 0x05, 0xcc, 0xc5, 0x05, 0xcc, 0xc5, 0x00,
  0x00, 0x00, 0x88, 0x88, 0x88, 0x88, 0x88, 0x80, 0x00, 0x00, 0x55, 0x50,
  0x00, 0x55, 0x50, 0x00, 0x00, 0x00, 0x00, 0x00, 0x66, 0x00, 0x00, 0x00,
  0x00, 0x00, 0x00, 0x00, 0x00, 0x00, 0x00, 0x00, 0x00, 0x00, 0x00, 0x00,
  0x66, 0x00, 0x00, 0x00, 0x00, 0x00, 0x00, 0x00, 0x00, 0x00, 0x00, 0x00,
  0x00, 0x00, 0x00, 0x00, 0x00, 0x00, 0x00, 0x00, 0x00, 0x00, 0x00, 0x00,
  0x00, 0x00, 0x00, 0x00, 0x00, 0x00, 0x00, 0x00, 0x00, 0x00, 0x00, 0x00,
  0x00, 0x00, 0x00, 0x00, 0x00, 0x00, 0x00, 0x00, 0x00, 0x00, 0x00, 0x00,
  0x00, 0x00, 0x00, 0x00, 0x00, 0x00, 0x00, 0x00, 0x00, 0x00, 0x00, 0x00,
  0x00, 0x00, 0x00, 0x00, 0x00, 0x00, 0x00, 0x00, 0x00, 0x00, 0x00, 0x00,
  0x00, 0x00, 0x00, 0x00, 0x00, 0x00, 0x00, 0x00, 0x00, 0x00, 0x00, 0x00,
  0x00, 0x00, 0x00, 0x00, 0x00, 0x00, 0x00, 0x00, 0x00, 0x00, 0x00, 0x00,
  0x00, 0x00, 0x00, 0x00, 0x00, 0x00, 0x00, 0x00, 0x00, 0x00, 0x00, 0x00,
  0x00, 0x00, 0x00, 0x00, 0x00, 0x00, 0x00, 0x05, 0x55, 0x55, 0x50, 0x00,
  0x00, 0x00, 0x00, 0x00, 0x00, 0x00, 0x00, 0x00, 0x00, 0x00, 0x00, 0x05,
  0xee, 0xee, 0x50, 0x00, 0x00, 0x00, 0x00, 0x00, 0x00, 0x00, 0x00, 0x00,
  0x00, 0x00, 0x00, 0x05, 0xee, 0xee, 0xe5, 0x00, 0x00, 0x00, 0x00, 0x00,
  0x00, 0x00, 0x00, 0x00, 0x00, 0x00, 0x00, 0x5e, 0xee, 0xee, 0xe5, 0x00,
  0x00, 0x00, 0x00, 0x00, 0x00, 0x00, 0x00, 0x00, 0x00, 0x00, 0x00, 0x5e,
  0xee, 0xee, 0xee, 0x50, 0x00, 0x00, 0x00, 0x00, 0x00, 0x00, 0x00, 0x00,
  0x00, 0x00, 0x00, 0x55, 0x55, 0x55, 0x55, 0x50, 0x00, 0x00, 0x00, 0x00,
  0x00, 0x00, 0x00, 0x00, 0x00, 0x00, 0x00, 0x51, 0x11, 0x11, 0x11, 0x50,
  0x00, 0x00, 0x00, 0x00, 0x00, 0x00, 0x00, 0x00, 0x00, 0x00, 0x00, 0x51,
  0x11, 0x11, 0x11, 0x50, 0x00, 0x00, 0x00, 0x00, 0x00, 0x00, 0x00, 0x00,
  0x00, 0x00, 0x05, 0x11, 0x11, 0x11, 0x11, 0x50, 0x00, 0x00, 0x00, 0x00,
  0x00, 0x00, 0x00, 0x00, 0x00, 0x00, 0x05, 0x11, 0x11, 0x11, 0x11, 0x15,
  0x00, 0x00, 0x00, 0x00, 0x00, 0x00, 0x00, 0x00, 0x00, 0x00, 0x05, 0x11,
  0x11, 0x11, 0x11, 0x15, 0x00, 0x00, 0x00, 0x00, 0x00, 0x00, 0x00, 0x00,
  0x00, 0x00, 0x05, 0x11, 0x11, 0x11, 0x11, 0x15, 0x00, 0x00, 0x00, 0x00,
  0x00, 0x00, 0x00, 0x00, 0x00, 0x00, 0x51, 0x11, 0xc1, 0xc1, 0x11, 0x15,
  0x00, 0x00, 0x00, 0x00, 0x00, 0x00, 0x00, 0x00, 0x00, 0x00, 0x51, 0x1c,
  0xcc, 0xcc, 0x11, 0x15, 0x00, 0x00, 0x00, 0x00, 0x00, 0x00, 0x00, 0x00,
  0x00, 0x00, 0x51, 0x11, 0xcc, 0xc1, 0x11, 0x15, 0x00, 0x00, 0x00, 0x00,
  0x00, 0x00, 0x00, 0x00, 0x00, 0x00, 0x51, 0x11, 0x11, 0x11, 0x11, 0x15,
  0x00, 0x00, 0x00, 0x00, 0x00, 0x00, 0x00, 0x00, 0x00, 0x08, 0x81, 0x11,
  0x11, 0x11, 0x11, 0x15, 0x00, 0x00, 0x00, 0x00, 0x00, 0x00, 0x00, 0x00,
  0x08, 0x85, 0x11, 0x11, 0x11, 0x11, 0x11, 0x11, 0x50, 0x00, 0x00, 0x00,
  0x00, 0x00, 0x55, 0x55, 0x50, 0x05, 0x11, 0x11, 0x11, 0x11, 0x11, 0x11,
  0x50, 0x00, 0x00, 0x00, 0x00, 0x00, 0x58, 0x88, 0x50, 0x05, 0x11, 0x11,
  0x11, 0x11, 0x11, 0x11, 0x50, 0x00, 0x00, 0x00, 0x00, 0x00, 0x55, 0x55,
  0x50, 0x51, 0x11, 0x11, 0x11, 0x11, 0x11, 0x11, 0x50, 0x00, 0x00, 0x00,
  0x00, 0x00, 0x00, 0x00, 0x00, 0x51, 0x11, 0x11, 0x11, 0x11, 0x11, 0x11,
  0x50, 0x00, 0x00, 0x00, 0x00, 0x00, 0x00, 0x00, 0x00, 0x05, 0x51, 0x11,
  0x11, 0x11, 0x11, 0x55, 0x00, 0x00, 0x00, 0x00, 0x00, 0x00, 0x00, 0x00,
  0x00, 0x00, 0x05, 0x11, 0x11, 0x11, 0x15, 0x00, 0x00, 0x00, 0x00, 0x00,
  0x00, 0x00, 0x00, 0x00, 0x00, 0x00, 0x00, 0x51, 0x11, 0x11, 0x50, 0x00,
  0x00, 0x00, 0x00, 0x00, 0x00, 0x00, 0x00, 0x00, 0x00, 0x00, 0x00, 0x05,
  0x51, 0x55, 0x00, 0x00, 0x00, 0x00, 0x00, 0x00, 0x00, 0x00, 0x00, 0x00,
  0x00, 0x00, 0x00, 0x00, 0x05, 0x00, 0x00, 0x00, 0x00, 0x00, 0x00, 0x00,
  0x00, 0x00, 0x00, 0x00, 0x00, 0x00, 0x00, 0x00, 0x00, 0x00, 0x00, 0x00,
  0x00, 0x00, 0x00, 0x00, 0x00, 0x00, 0x00, 0x00, 0x00, 0x00, 0x00, 0x00,
  0x00, 0x00, 0x00, 0x00, 0x00, 0x00, 0x00, 0x00, 0x00, 0x00, 0x00, 0x00,
  0x00, 0x00, 0x00, 0x00, 0x00, 0x00, 0x00, 0x00, 0x00, 0x00, 0x00, 0x00,
  0x00, 0x00, 0x00, 0x00, 0x00, 0x00, 0x00, 0x00, 0x00, 0x00, 0x00, 0x00,
  0x00, 0x00, 0x00, 0x00, 0x00, 0x00, 0x00, 0x00, 0x00, 0x00, 0x00, 0x00,
  0xe0, 0x00, 0x00, 0x00, 0x00, 0x00, 0x00, 0x00, 0x00, 0x00, 0x00, 0x00,
  0x00, 0x00, 0x00, 0x00, 0xe0, 0x00, 0x00, 0x00, 0x00, 0x00, 0x00, 0x00,
  0x00, 0x00, 0x00, 0x00, 0x00, 0x00, 0x0e, 0xee, 0xee, 0xee, 0x00, 0x00,
  0x00, 0x00, 0x00, 0x00, 0x00, 0x00, 0x00, 0x00, 0x00, 0x0e, 0xee, 0xee,
  0xee, 0xee, 0xee, 0x00, 0x00, 0x00, 0x00, 0x00, 0x00, 0x00, 0x00, 0x00,
  0xe0, 0xee, 0xee, 0xee, 0xee, 0xee, 0xee, 0xe0, 0xe0, 0x00, 0x00, 0x00,
  0x00, 0x00, 0x00, 0x00, 0x0e, 0xee, 0xee, 0xee, 0xee, 0xee, 0xee, 0xee,
  0x00, 0x00, 0x00, 0x00, 0x00, 0x00, 0x00, 0x00, 0xee, 0xee, 0xee, 0xee,
  0xee, 0xee, 0xee, 0xee, 0xe0, 0x00, 0x00, 0x00, 0x00, 0x00, 0x00, 0x0e,
  0xee, 0xee, 0xee, 0xee, 0xee, 0xee, 0xee, 0xee, 0xee, 0x00, 0x00, 0x00,
  0x00, 0x00, 0x00, 0x0e, 0xee, 0xee, 0xee, 0xee, 0xee, 0xee, 0xee, 0xee,
  0xee, 0x00, 0x00, 0x00, 0x00, 0x00, 0x00, 0xee, 0xee, 0xee, 0xee, 0xee,
  0xee, 0xee, 0xee, 0xee, 0xee, 0xe0, 0x00, 0x00, 0x00, 0x00, 0x00, 0xee,
  0xe5, 0x55, 0x55, 0x5e, 0xee, 0x55, 0x55, 0x55, 0xee, 0xe0, 0x00, 0x00,
  0x00, 0x00, 0x00, 0xee, 0xe5, 0x55, 0x55, 0x55, 0x55, 0x55, 0x55, 0x55,
  0xee, 0xe0, 0x00, 0x00, 0x00, 0x00, 0xee, 0xee, 0xe5, 0x55, 0x55, 0x5e,
  0xee, 0x55, 0x55, 0x55, 0xee, 0xee, 0xe0, 0x00, 0x00, 0x00, 0x00, 0xee,
  0xe5, 0x55, 0x55, 0x5e, 0xee, 0x55, 0x55, 0x55, 0xee, 0xe0, 0x00, 0x00,
  0x00, 0x00, 0x00, 0xee, 0xee, 0xee, 0xee, 0xee, 0xee, 0xee, 0xee, 0xee,
  0xee, 0xe0, 0x00, 0x00, 0x00, 0x00, 0x00, 0xee, 0xee, 0xee, 0xee, 0xee,
  0xee, 0xee, 0xee, 0xee, 0xee, 0xe0, 0x00, 0x00, 0x00, 0x00, 0x00, 0x0e,
  0xee, 0xee, 0xee, 0xee, 0xee, 0xee, 0xee, 0xee, 0xee, 0x00, 0x00, 0x00,
  0x00, 0x00, 0x00, 0x0e, 0xee, 0xee, 0xee, 0xee, 0xee, 0xee, 0xee, 0xee,
  0xee, 0x00, 0x00, 0x00, 0x00, 0x00, 0x00, 0x00, 0xee, 0xee, 0xee, 0xee,
  0xee, 0xee, 0xee, 0xee, 0xe0, 0x00, 0x00, 0x00, 0x00, 0x00, 0x00, 0x00,
  0x0e, 0xee, 0xee, 0xee, 0xee, 0xee, 0xee, 0xee, 0x00, 0x00, 0x00, 0x00,
  0x00, 0x00, 0x00, 0x00, 0xe0, 0xee, 0xee, 0xee, 0xee, 0xee, 0xee, 0xe0,
  0xe0, 0x00, 0x00, 0x00, 0x00, 0x00, 0x00, 0x00, 0x00, 0x0e, 0xee, 0xee,
  0xee, 0xee, 0xee, 0x00, 0x00, 0x00, 0x00, 0x00, 0x00, 0x00, 0x00, 0x00,
  0x00, 0x00, 0x0e, 0xee, 0xee, 0xee, 0x00, 0x00, 0x00, 0x00, 0x00, 0x00,
  0x00, 0x00, 0x00, 0x00, 0x00, 0x00, 0x00, 0x00, 0xe0, 0x00, 0x00, 0x00,
  0x00, 0x00, 0x00, 0x00, 0x00, 0x00, 0x00, 0x00, 0x00, 0x00, 0x00, 0x00,
  0xe0, 0x00, 0x00, 0x00, 0x00, 0x00, 0x00, 0x00, 0x00, 0x00, 0x00, 0x00,
  0x00, 0x00, 0x00, 0x00, 0x00, 0x00, 0x00, 0x00, 0x00, 0x00, 0x00, 0x00,
  0x00, 0x00, 0x00, 0x00, 0x00, 0x00, 0x00, 0x00, 0x00, 0x00, 0x00, 0x00,
  0x00, 0x00, 0x00, 0x00, 0x00, 0x00, 0x00, 0x00, 0x00, 0x00, 0x00, 0x00,
  0x00, 0x00, 0x00, 0x00, 0x00, 0x00, 0x00, 0x00, 0x00, 0x00, 0x00, 0x00,
  0x00, 0x00, 0x00, 0x00, 0x00, 0x00, 0x00, 0x00, 0x00, 0x00, 0x00, 0x00,
  0x00, 0x00, 0x00, 0x00, 0x00, 0x00, 0x00, 0x00, 0x00, 0x00, 0x00, 0x00,
  0x00, 0x00, 0x00, 0x00, 0x00, 0x00, 0x00, 0x00, 0x00, 0x00, 0x00, 0x00,
  0x00, 0x00, 0x00, 0x00, 0x00, 0x00, 0x00, 0x00, 0x00, 0x00, 0x00, 0x00,
  0x00, 0x00, 0x00, 0x00, 0x00, 0x00, 0x00, 0x00, 0x00, 0x00, 0x00, 0x00,
  0x00, 0x00, 0x00, 0x00, 0x00, 0x00, 0x00, 0x00, 0x00, 0x00, 0x00, 0x00,
  0x00, 0x00, 0x00, 0x00, 0x00, 0x00, 0x00, 0x00, 0x00, 0x00, 0x00, 0x00,
  0x00, 0x00, 0x00, 0x00, 0x00, 0x00, 0x00, 0x00, 0x00, 0x00, 0x00, 0x00,
  0x00, 0x00, 0x00, 0x00, 0x00, 0x00, 0x00, 0x00, 0x00, 0x00, 0x00, 0x00,
  0x00, 0x00, 0x00, 0x00, 0x00, 0x00, 0x00, 0x00, 0x00, 0x00, 0x00, 0x00,
  0x00, 0x00, 0x00, 0x00, 0x00, 0x00, 0x00, 0x60, 0x00, 0x00, 0x00, 0x00,
  0x00, 0x00, 0x00, 0x00, 0x00, 0x00, 0x00, 0x00, 0x00, 0x00, 0x00, 0x65,
  0x55, 0x55, 0x55, 0x55, 0x55, 0x55, 0x55, 0x55, 0x55, 0x00, 0x00, 0x00,
  0x00, 0x00, 0x00, 0x6c, 0xcc, 0xcc, 0xcc, 0xcc, 0xcc, 0xcc, 0xcc, 0xcc,
  0xc5, 0x00, 0x00, 0x00, 0x00, 0x00, 0x00, 0x6e, 0xee, 0xee, 0xee, 0xee,
  0xee, 0xee, 0xee, 0xee, 0xe5, 0x00, 0x00, 0x00, 0x00, 0x00, 0x00, 0x6e,
  0xee, 0xee, 0xee, 0xee, 0xee, 0xee, 0xee, 0xee, 0xe5, 0x00, 0x00, 0x00,
  0x00, 0x00, 0x00, 0x6e, 0xee, 0xee, 0xee, 0xee, 0xee, 0xee, 0xee, 0xee,
  0xe5, 0x00, 0x00, 0x00, 0x00, 0x00, 0x00, 0x6e, 0xee, 0xee, 0xee, 0xee,
  0xee, 0xee, 0xee, 0xee, 0xe5, 0x00, 0x00, 0x00, 0x00, 0x00, 0x00, 0x6a,
  0xaa, 0xaa, 0xaa, 0xaa, 0xaa, 0xaa, 0xaa, 0xaa, 0xa5, 0x00, 0x00, 0x00,
  0x00, 0x00, 0x00, 0x6a, 0xaa, 0xaa, 0xaa, 0xaa, 0xaa, 0xaa, 0xaa, 0xaa,
  0xa5, 0x00, 0x00, 0x00, 0x00, 0x00, 0x00, 0x6b, 0xbb, 0xbb, 0xbb, 0xbb,
  0xbb, 0xbb, 0xbb, 0xbb, 0xb5, 0x00, 0x00, 0x00, 0x00, 0x00, 0x00, 0x6b,
  0xbb, 0xbb, 0xbb, 0xbb, 0xbb, 0xbb, 0xbb, 0xbb, 0xb5, 0x00, 0x00, 0x00,
  0x00, 0x00, 0x00, 0x6d, 0xdd, 0xdd, 0xdd, 0xdd, 0xdd, 0xdd, 0xdd, 0xdd,
  0xd5, 0x00, 0x00, 0x00, 0x00, 0x00, 0x00, 0x6d, 0xdd, 0xdd, 0xdd, 0xdd,
  0xdd, 0xdd, 0xdd, 0xdd, 0xd5, 0x00, 0x00, 0x00, 0x00, 0x00, 0x00, 0x60,
  0x00, 0x00, 0x00, 0x00, 0x00, 0x00, 0x00, 0x00, 0x05, 0x00, 0x00, 0x00,
  0x00, 0x00, 0x00, 0x65, 0x55, 0x55, 0x55, 0x55, 0x55, 0x55, 0x55, 0x55,
  0x55, 0x00, 0x00, 0x00, 0x00, 0x00, 0x00, 0x60, 0x00, 0x00, 0x00, 0x00,
  0x00, 0x00, 0x00, 0x00, 0x00, 0x00, 0x00, 0x00, 0x00, 0x00, 0x00, 0x60,
  0x00, 0x00, 0x00, 0x00, 0x00, 0x00, 0x00, 0xdd, 0x0d, 0xd0, 0x00, 0x00,
  0x00, 0x00, 0x00, 0x60, 0x00, 0x00, 0x00, 0x00, 0x00, 0x00, 0x0d, 0xdd,
  0xdd, 0xdd, 0x00, 0x00, 0x00, 0x00, 0x00, 0x60, 0x00, 0x00, 0x00, 0x00,
  0x00, 0x00, 0x00, 0xdd, 0xdd, 0xd0, 0x00, 0x00, 0x00, 0x00, 0x00, 0x60,
  0x00, 0x00, 0x00, 0x00, 0x00, 0x00, 0x00, 0x0d, 0xdd, 0x00, 0x00, 0x00,
  0x00, 0x00, 0x00, 0x60, 0x00, 0x00, 0x00, 0x00, 0x00, 0x00, 0x00, 0x00,
  0x00, 0x00, 0x00, 0x00, 0x00, 0x00, 0x00, 0x60, 0x00, 0x00, 0x00, 0x00,
  0x00, 0x00, 0x00, 0x00, 0x00, 0x00, 0x00, 0x00, 0x00, 0x00, 0x00, 0x00,
  0x00, 0x00, 0x00, 0x00, 0x00, 0x00, 0x00, 0x00, 0x00, 0x00, 0x00, 0x00,
  0x00, 0x00, 0x00, 0x00, 0x00, 0x00, 0x00, 0x00, 0x00, 0x00, 0x00, 0x00,
  0x00, 0x00, 0x00, 0x00, 0x00, 0x00, 0x00, 0x00, 0x00, 0x00, 0x00, 0x00,
  0x00, 0x00, 0x00, 0x00, 0x00, 0x00, 0x00, 0x00, 0x00, 0x00, 0x00, 0x00,
  0x00, 0x00, 0x00, 0x00, 0x00, 0x00, 0x00, 0x00, 0x00, 0x00, 0x00, 0x00,
  0x00, 0x00, 0x00, 0x00, 0x00, 0x00, 0x00, 0x00, 0x00, 0x00, 0x00, 0x00,
  0x00, 0x00, 0x00, 0x00, 0x00, 0x00, 0x00, 0x00, 0x00, 0x00, 0x00, 0x00,
  0x00, 0x00, 0x00, 0x00, 0x00, 0x00, 0x00, 0x00, 0x00, 0x00, 0x00, 0x00,
  0x00, 0x0f, 0x00, 0x00, 0xc0, 0x00, 0x0f, 0x00, 0x00, 0x00, 0x00, 0x00,
  0x00, 0x00, 0x00, 0x00, 0x00, 0x0f, 0x00, 0x00, 0xc0, 0x00, 0x0f, 0x00,
  0x00, 0x00, 0x00, 0x00, 0x00, 0x00, 0x00, 0x00, 0x00, 0x00, 0xf0, 0x00,
  0xc0, 0x00, 0xf0, 0x00, 0x00, 0x00, 0x00, 0x00, 0x00, 0x00, 0x00, 0x00,
  0x0c, 0x00, 0xf0, 0x00, 0xc0, 0x00, 0xf0, 0x0c, 0x00, 0x00, 0x00, 0x00,
  0x00, 0x00, 0x00, 0x00, 0x00, 0xc0, 0x0f, 0x00, 0xc0, 0x0f, 0x00, 0xc0,
  0x00, 0x00, 0x00, 0x00, 0x00, 0x00, 0x00, 0x00, 0x00, 0x0c, 0x0f, 0x00,
  0xc0, 0x0f, 0x0c, 0x00, 0x00, 0x00, 0x00, 0x00, 0x00, 0x00, 0x00, 0x00,
  0x00, 0x00, 0xc0, 0xf0, 0xc0, 0xf0, 0xc0, 0x00, 0x00, 0x00, 0x00, 0x00,
  0x00, 0x00, 0x00, 0x00, 0x00, 0x00, 0x0c, 0xf0, 0xe0, 0xfc, 0x00, 0x00,
  0x00, 0x00, 0x00, 0x00, 0x00, 0x00, 0x00, 0x00, 0x00, 0x00, 0x00, 0xcf,
  0xef, 0xc0, 0x00, 0x00, 0x00, 0x00, 0x00, 0x00, 0x00, 0x00, 0x00, 0x00,
  0x00, 0x00, 0x0e, 0xee, 0xee, 0xee, 0x00, 0x00, 0x00, 0x00, 0x00, 0x00,
  0x00, 0x00, 0x00, 0xcc, 0xcc, 0xcc, 0xcc, 0xce, 0xee, 0xcc, 0xcc, 0xcc,
  0xcc, 0xc0, 0x00, 0x00, 0x00, 0x00, 0x00, 0x00, 0x00, 0x00, 0x00, 0xfe,
  0xee, 0xf0, 0x00, 0x00, 0x00, 0x00, 0x00, 0x00, 0x00, 0x00, 0x00, 0x00,
  0x00, 0x00, 0xff, 0xe0, 0xc0, 0xef, 0xf0, 0x00, 0x00, 0x00, 0x00, 0x00,
  0x00, 0x00, 0x00, 0x00, 0x00, 0xff, 0x0c, 0x00, 0xc0, 0x0c, 0x0f, 0xf0,
  0x00, 0x00, 0x00, 0x00, 0x00, 0x00, 0x00, 0x00, 0xff, 0x00, 0xc0, 0x00,
  0xc0, 0x00, 0xc0, 0x0f, 0xf0, 0x00, 0x00, 0x00, 0x00, 0x00, 0x00, 0xff,
  0x00, 0x0c, 0x00, 0x00, 0xc0, 0x00, 0x0c, 0x00, 0x0f, 0xf0, 0x00, 0x00,
  0x00, 0x00, 0x00, 0x00, 0x00, 0xc0, 0x00, 0x00, 0xc0, 0x00, 0x00, 0xc0,
  0x00, 0x00, 0x00, 0x00, 0x00, 0x00, 0x00, 0x00, 0x0c, 0x00, 0x00, 0x00,
  0xc0, 0x00, 0x00, 0x0c, 0x00, 0x00, 0x00, 0x00, 0x00, 0x00, 0x00, 0x00,
  0x00, 0x00, 0x00, 0x00, 0xc0, 0x00, 0x00, 0x00, 0x00, 0x00, 0x00, 0x00,
  0x00, 0x00, 0x05, 0x55, 0x55, 0x55, 0x55, 0x55, 0x55, 0x55, 0x55, 0x55,
  0x55, 0x00, 0x00, 0x00, 0x00, 0x00, 0x05, 0x11, 0x11, 0x11, 0x11, 0x11,
  0xcc, 0xcc, 0xcc, 0xcc, 0xc5, 0x00, 0x00, 0x00, 0x00, 0x00, 0x05, 0x11,
  0x11, 0x11, 0x11, 0x11, 0xff, 0xff, 0xff, 0xff, 0xf5, 0x00, 0x00, 0x00,
  0x00, 0x00, 0x05, 0x11, 0xf1, 0x1f, 0x11, 0x11, 0xff, 0xff, 0xff, 0xff,
  0xf5, 0x00, 0x00, 0x00, 0x00, 0x00, 0x05, 0x11, 0x11, 0x11, 0x11, 0x11,
  0xcc, 0xcc, 0xcc, 0xcc, 0xc5, 0x00, 0x00, 0x00, 0x00, 0x00, 0x05, 0xff,
  0xff, 0xff, 0xff, 0xff, 0xff, 0xff, 0xff, 0xff, 0xf5, 0x00, 0x00, 0x00,
  0x00, 0x00, 0x05, 0xff, 0xff, 0xff, 0xff, 0xff, 0xff, 0xff, 0xff, 0xff,
  0xf5, 0x00, 0x00, 0x00, 0x00, 0x00, 0x05, 0x55, 0x55, 0x55, 0x55, 0x55,
  0x55, 0x55, 0x55, 0x55, 0x55, 0x00, 0x00, 0x00, 0x00, 0x00, 0x00, 0x00,
  0x00, 0x00, 0x00, 0x00, 0x00, 0x00, 0x00, 0x00, 0x00, 0x00, 0x00, 0x00,
  0x00, 0x00, 0x00, 0x00, 0x00, 0x00, 0x00, 0x00, 0x00, 0x00, 0x00, 0x00,
  0x00, 0x00, 0x00, 0x00, 0x00, 0x00, 0x00, 0x00, 0x00, 0x00, 0x00, 0x00,
  0x00, 0x00, 0x00, 0x00, 0x00, 0x00, 0x00, 0x00, 0x00, 0x00, 0x00, 0x00,
  0x00, 0x00, 0x00, 0x00, 0x00, 0x00, 0x00, 0x00, 0x00, 0x00, 0x00, 0x00,
  0x00, 0x00, 0x00, 0x00, 0x00, 0x00, 0x00, 0x00, 0x00, 0x00, 0x00, 0x05,
  0x55, 0x55, 0x00, 0x00, 0x00, 0x00, 0x00, 0x00, 0x00, 0x00, 0x00, 0x00,
  0x00, 0x00, 0x00, 0x58, 0x88, 0x88, 0x50, 0x00, 0x00, 0x00, 0x00, 0x00,
  0x00, 0x00, 0x00, 0x50, 0x00, 0x00, 0x05, 0x88, 0x88, 0x88, 0x85, 0x00,
  0x00, 0x00, 0x00, 0x00, 0x00, 0x00, 0x00, 0x50, 0x00, 0x00, 0x58, 0x88,
  0x88, 0x88, 0x88, 0x50, 0x00, 0x00, 0x00, 0x00, 0x00, 0x00, 0x05, 0xf5,
  0x00, 0x00, 0x58, 0x88, 0x88, 0x88, 0x88, 0x50, 0x00, 0x00, 0x00, 0x00,
  0x00, 0x00, 0x05, 0xf5, 0x00, 0x00, 0x58, 0x88, 0xf8, 0x88, 0x88, 0x50,
  0x00, 0x00, 0x00, 0x00, 0x00, 0x00, 0x05, 0xff, 0x50, 0x00, 0x58, 0x88,
  0x88, 0x88, 0x88, 0x50, 0x00, 0x00, 0x00, 0x00, 0x00, 0x00, 0x5f, 0xff,
  0x50, 0x00, 0x58, 0x88, 0x88, 0x88, 0x88, 0x50, 0x00, 0x00, 0x00, 0x00,
  0x00, 0x00, 0x5f, 0xff, 0xf5, 0x00, 0x05, 0x88, 0x88, 0x88, 0x85, 0x00,
  0x00, 0x00, 0x00, 0x00, 0x00, 0x00, 0x5f, 0xff, 0xf5, 0x00, 0x00, 0x58,
  0x88, 0x88, 0x50, 0x00, 0x00, 0x00, 0x00, 0x00, 0x00, 0x05, 0xf5, 0x55,
  0x55, 0x00, 0x00, 0x05, 0x55, 0x55, 0x00, 0x00, 0x00, 0x00, 0x00, 0x00,
  0x00, 0x05, 0xf5, 0xbb, 0xb5, 0x50, 0x00, 0x00, 0x00, 0x00, 0x00, 0x00,
  0x00, 0x00, 0x00, 0x00, 0x00, 0x05, 0xf5, 0xbb, 0xb5, 0x50, 0x00, 0x00,
  0x00, 0x00, 0x00, 0x00, 0x00, 0x00, 0x00, 0x00, 0x00, 0x05, 0xf5, 0xbb,
  0xb5, 0xf5, 0x00, 0x00, 0x00, 0x00, 0x00, 0x00, 0x00, 0x00, 0x00, 0x00,
  0x00, 0x5f, 0xf5, 0xbb, 0xb5, 0xf5, 0x00, 0x00, 0x00, 0x00, 0x00, 0x00,
  0x00, 0x00, 0x00, 0x00, 0x00, 0x5f, 0xf5, 0x55, 0x55, 0xf5, 0x00, 0x00,
  0x00, 0x00, 0x00, 0x00, 0x00, 0x00, 0x00, 0x00, 0x00, 0x5f, 0xff, 0xff,
  0xff, 0xff, 0x50, 0x00, 0x00, 0x00, 0x00, 0x00, 0x00, 0x00, 0x00, 0x00,
  0x05, 0x5f, 0xff, 0xff, 0xff, 0xff, 0x50, 0x00, 0x00, 0x00, 0x00, 0x00,
  0x00, 0x00, 0x00, 0x00, 0x05, 0x5f, 0xff, 0xff, 0xff, 0xff, 0x55, 0x00,
  0x00, 0x00, 0x00, 0x00, 0x00, 0x00, 0x00, 0x00, 0x05, 0xc5, 0xff, 0xff,
  0xff, 0xff, 0x5c, 0x50, 0x00, 0x00, 0x00, 0x00, 0x00, 0x00, 0x00, 0x00,
  0x5c, 0xc5, 0xff, 0xff, 0xff, 0xff, 0x5c, 0xc5, 0x00, 0x00, 0x00, 0x00,
  0x00, 0x00, 0x00, 0x05, 0xcc, 0xcc, 0x55, 0x5e, 0x55, 0x55, 0x5c, 0xcc,
  0x50, 0x00, 0x00, 0x00, 0x00, 0x00, 0x00, 0x05, 0xcc, 0x55, 0x00, 0x0e,
  0x00, 0x00, 0x05, 0x5c, 0x50, 0x00, 0x00, 0x00, 0x00, 0x00, 0x00, 0x5c,
  0x55, 0x00, 0x00, 0x0e, 0x00, 0x00, 0x00, 0x05, 0x55, 0x00, 0x00, 0x00,
  0x00, 0x00, 0x00, 0x55, 0x00, 0x00, 0x00, 0x0e, 0x00, 0x00, 0x00, 0x00,
  0x05, 0x50, 0x00, 0x00, 0x00, 0x00, 0x05, 0x00, 0x00, 0x00, 0x00, 0x0e,
  0x00, 0x00, 0x00, 0x00, 0x00, 0x05, 0x00, 0x00, 0x00, 0x00, 0x00, 0x00,
  0x00, 0x00, 0x00, 0x0e, 0x00, 0x00, 0x00, 0x00, 0x00, 0x00, 0x00, 0x00,
  0x00, 0x00, 0x00, 0x00, 0x00, 0x00, 0x00, 0xe0, 0xe0, 0x00, 0x00, 0x00,
  0x00, 0x00, 0x00, 0x00, 0x00, 0x00, 0x00, 0x00, 0x00, 0x00, 0x00, 0x00,
  0x00, 0x00, 0x00, 0x00, 0x00, 0x00, 0x00, 0x00, 0x00, 0x00, 0x00, 0x00,
  0x00, 0x00, 0x00, 0x00, 0x00, 0x00, 0x00, 0x00, 0x00, 0x00, 0x00, 0x00,
  0x00, 0x00, 0x00, 0x00, 0x00, 0x00, 0x00, 0x00, 0x00, 0x00, 0x00, 0x00,
  0x00, 0x00, 0x00, 0x00, 0x00, 0x00, 0x00, 0x00, 0x00, 0x00, 0x00, 0x00,
  0x00, 0x00, 0x00, 0x00, 0x00, 0x00, 0x00, 0x00, 0x00, 0x00, 0x00, 0x00,
  0x00, 0x00, 0x00, 0x00, 0x00, 0x00, 0x00, 0x00, 0x00, 0x00, 0x00, 0x00,
  0x00, 0x00, 0x00, 0x00, 0x00, 0x00, 0x00, 0x00, 0x00, 0x00, 0x00, 0x00,
  0x00, 0x00, 0x00, 0x00, 0x00, 0x00, 0x00, 0x00, 0x00, 0x00, 0x00, 0x00,
  0x00, 0x00, 0x00, 0x00, 0x00, 0x00, 0x00, 0x00, 0x00, 0x00, 0x00, 0x00,
  0x00, 0x00, 0x00, 0x00, 0x00, 0x00, 0x00, 0x00, 0x00, 0x00, 0x00, 0x00,
  0x00, 0x00, 0x00, 0x00, 0x00, 0x00, 0x00, 0x00, 0x00, 0x00, 0x00, 0x00,
  0x00, 0x00, 0x00, 0x00, 0x00, 0x00, 0x00, 0x00, 0x00, 0x00, 0x00, 0x00,
  0x00, 0x00, 0x00, 0x00, 0x00, 0x00, 0x00, 0x00, 0x00, 0x00, 0x00, 0x00,
  0x00, 0x00, 0x00, 0x00, 0x00, 0x00, 0x00, 0x00, 0x00, 0x00, 0x00, 0x00,
  0x00, 0x00, 0x00, 0x00, 0x00, 0x00, 0x00, 0x00, 0x00, 0x00, 0x00, 0x00,
  0x00, 0x00, 0x00, 0x00, 0x00, 0x00, 0x00, 0x00, 0x00, 0x00, 0x00, 0x00,
  0x00, 0x00, 0x00, 0x00, 0x00, 0x00, 0x00, 0x00, 0x00, 0x00, 0x00, 0x00,
  0x00, 0x00, 0x00, 0x00, 0x00, 0x00, 0x00, 0x00, 0x00, 0x00, 0x00, 0x00,
  0x00, 0x00, 0x00, 0x00, 0x00, 0x00, 0x00, 0x00, 0x00, 0x00, 0x00, 0x00,
  0x00, 0x00, 0x00, 0x00, 0x00, 0x00, 0x00, 0x00, 0x00, 0x00, 0x00, 0x00,
  0x00, 0x00, 0x00, 0x00, 0x00, 0x00, 0x00, 0x00, 0x00, 0x00, 0x00, 0x00,
  0x00, 0x00, 0x00, 0x00, 0x00, 0x00, 0x00, 0x00, 0x00, 0x00, 0x00, 0x00,
  0x00, 0x00, 0x0a, 0xaa, 0xaa, 0xaa, 0xaa, 0xaa, 0xaa, 0xaa, 0xaa, 0xaa,
  0xaa, 0xaa, 0x00, 0x00, 0x00, 0x05, 0xaa, 0x5c, 0xcc, 0xcc, 0xcc, 0xcc,
  0xcc, 0xcc, 0xcc, 0xcc, 0xcc, 0x5a, 0xa5, 0x00, 0x00, 0x05, 0xaa, 0x5c,
  0xcc, 0xcc, 0xcc, 0xcc, 0xcc, 0xcc, 0xcc, 0xcc, 0xcc, 0x5a, 0xa5, 0x00,
  0x00, 0x05, 0xaa, 0x5c, 0xcc, 0xcc, 0xcc, 0xcc, 0xc5, 0xcc, 0xcc, 0xcc,
  0xcc, 0x5a, 0xa5, 0x00, 0x00, 0x05, 0xaa, 0x5c, 0xcc, 0xcc, 0x5c, 0xcc,
  0xcc, 0x5c, 0xcc, 0xcc, 0xcc, 0x5a, 0xa5, 0x00, 0x00, 0x00, 0x5a, 0xa5,
  0xcc, 0xcc, 0xc5, 0xcc, 0xcc, 0xcc, 0xcc, 0xcc, 0xc5, 0xaa, 0x50, 0x00,
  0x00, 0x00, 0x5a, 0xa5, 0xcc, 0xcc, 0xcc, 0xcc, 0xcc, 0xcc, 0xcc, 0xcc,
  0xc5, 0xaa, 0x50, 0x00, 0x00, 0x00, 0x5a, 0xaa, 0x5c, 0xcc, 0xcc, 0xcc,
  0xcc, 0xcc, 0xc5, 0xcc, 0x5a, 0xaa, 0x50, 0x00, 0x00, 0x00, 0x05, 0xaa,
  0xa5, 0x5c, 0xcc, 0xcc, 0xcc, 0xcc, 0xcc, 0x55, 0xaa, 0xa5, 0x00, 0x00,
  0x00, 0x00, 0x00, 0x5a, 0xaa, 0xa5, 0x5c, 0xcc, 0xcc, 0xcc, 0x55, 0xaa,
  0xaa, 0x50, 0x00, 0x00, 0x00, 0x00, 0x00, 0x05, 0xaa, 0xaa, 0xa5, 0x55,
  0x55, 0x55, 0xaa, 0xaa, 0xa5, 0x00, 0x00, 0x00, 0x00, 0x00, 0x00, 0x00,
  0x55, 0xaa, 0xaa, 0xaa, 0xaa, 0xaa, 0xaa, 0xa5, 0x50, 0x00, 0x00, 0x00,
  0x00, 0x00, 0x00, 0x00, 0x00, 0x55, 0x5a, 0xaa, 0xaa, 0xaa, 0x55, 0x50,
  0x00, 0x00, 0x00, 0x00, 0x00, 0x00, 0x00, 0x00, 0x00, 0x00, 0x05, 0x55,
  0x55, 0x55, 0x00, 0x00, 0x00, 0x00, 0x00, 0x00, 0x00, 0x00, 0x00, 0x00,
  0x00, 0x00, 0x00, 0x00, 0x00, 0x00, 0x00, 0x00, 0x00, 0x00, 0x00, 0x00,
  0x00, 0x00, 0x00, 0x00, 0x00, 0x00, 0x00, 0x00, 0x00, 0x00, 0x00, 0x00,
  0x00, 0x00, 0x00, 0x00, 0x00, 0x00, 0x00, 0x00, 0x00, 0x00, 0x00, 0x00,
  0x00, 0x00, 0x00, 0x00, 0x00, 0x00, 0x00, 0x00, 0x00, 0x00, 0x00, 0x00,
  0x00, 0x00, 0x00, 0x00, 0x00, 0x00, 0x00, 0x00, 0x00, 0x00, 0x00, 0x00,
  0x00, 0x00, 0x00, 0x00, 0x00, 0x00, 0x00, 0x00, 0x00, 0x00, 0x00, 0x00,
  0x00, 0x00, 0x00, 0x00, 0x00, 0x00, 0x00, 0x00, 0x00, 0x00, 0x00, 0x00,
  0x00, 0x00, 0x00, 0x00, 0x00, 0x00, 0x00, 0x00, 0x00, 0x00, 0x00, 0x00,
  0x00, 0x00, 0x00, 0x00, 0x00, 0x00, 0x00, 0x00, 0x00, 0x00, 0x05, 0x00,
  0x00, 0x00, 0x00, 0x00, 0x00, 0x00, 0x00, 0x00, 0x00, 0x00, 0x00, 0x00,
  0x00, 0x0e, 0xe0, 0x50, 0x00, 0x00, 0x00, 0x05, 0x55, 0x55, 0x55, 0x55,
  0x55, 0x55, 0x00, 0x00, 0x00, 0xe0, 0x00, 0x00, 0x00, 0x00, 0x00, 0x05,
  0xee, 0x5e, 0xe5, 0xee, 0x5e, 0xe5, 0x00, 0x00, 0xee, 0x00, 0x00, 0x00,
  0x00, 0x00, 0x00, 0x05, 0xee, 0x5e, 0xe5, 0xee, 0x5e, 0xe5, 0x00, 0x0e,
  0x00, 0x00, 0x00, 0x00, 0x00, 0x00, 0x00, 0x05, 0xee, 0x5e, 0xe5, 0xee,
  0x5e, 0xe5, 0x00, 0x00, 0x00, 0x00, 0x00, 0x00, 0x00, 0x00, 0x00, 0x05,
  0xee, 0x5e, 0xe5, 0xee, 0x5e, 0xe5, 0x00, 0x00, 0x00, 0x00, 0x00, 0x00,
  0x00, 0x00, 0x00, 0x05, 0xee, 0x5e, 0xe5, 0xee, 0x5e, 0xe5, 0x00, 0x00,
  0x00, 0x00, 0x00, 0x00, 0x00, 0x00, 0x00, 0x05, 0xee, 0x5e, 0xe5, 0xee,
  0x5e, 0xe5, 0x00, 0x00, 0x00, 0x00, 0x00, 0x00, 0x00, 0x00, 0x00, 0x05,
  0xee, 0x5e, 0xe5, 0xee, 0x5e, 0xe5, 0x00, 0x00, 0x00, 0x00, 0x00, 0x00,
  0x00, 0x00, 0x00, 0x05, 0xee, 0x5e, 0xe5, 0xee, 0x5e, 0xe5, 0x55, 0x55,
  0x55, 0x50, 0x00, 0x00, 0x00, 0x00, 0x00, 0x05, 0xee, 0x5e, 0xe5, 0xee,
  0x5e, 0xe5, 0x5e, 0xee, 0xee, 0x50, 0x00, 0x00, 0x00, 0x00, 0x00, 0x05,
  0x55, 0x55, 0x55, 0x55, 0x55, 0x55, 0x5e, 0xee, 0xee, 0x50, 0x00, 0x00,
  0x00, 0x00, 0x00, 0x00, 0x05, 0xee, 0xee, 0xee, 0xee, 0xee, 0x5e, 0xee,
  0xee, 0x50, 0x00, 0x00, 0x00, 0x00, 0x00, 0x00, 0x5e, 0xee, 0xee, 0xee,
  0xee, 0xee, 0x5e, 0xee, 0xee, 0x50, 0x00, 0x00, 0x00, 0x00, 0x00, 0x00,
  0x5e, 0xee, 0xee, 0xee, 0xee, 0xee, 0x55, 0x55, 0x55, 0x50, 0x00, 0x00,
  0x00, 0x00, 0x00, 0x00, 0x5e, 0xee, 0xee, 0xee, 0xee, 0xee, 0xee, 0x50,
  0x00, 0x00, 0x00, 0x00, 0x00, 0x00, 0x00, 0x00, 0x5e, 0xee, 0xee, 0xee,
  0xee, 0xee, 0xee, 0x50, 0x00, 0x00, 0x00, 0x00, 0x00, 0x00, 0x00, 0x00,
  0x5e, 0xee, 0xee, 0xee, 0xee, 0xee, 0xee, 0x50, 0x00, 0x00, 0x00, 0x00,
  0x00, 0x00, 0x00, 0x00, 0x05, 0xee, 0xee, 0xee, 0xee, 0xee, 0xe5, 0x00,
  0x00, 0x00, 0x00, 0x00, 0x00, 0x00, 0x06, 0x60, 0x05, 0xee, 0xee, 0xee,
  0xee, 0xee, 0xe5, 0x00, 0x00, 0x00, 0x00, 0x00, 0x00, 0x00, 0x06, 0x60,
  0x00, 0x5e, 0xee, 0xee, 0xee, 0xee, 0x50, 0x00, 0x00, 0x00, 0x00, 0x00,
  0x00, 0x00, 0x66, 0x00, 0x00, 0x5e, 0xee, 0xee, 0xee, 0xee, 0x50, 0x00,
  0x00, 0x00, 0x00, 0x00, 0x00, 0x00, 0x66, 0x00, 0x00, 0x05, 0x5e, 0xee,
  0xee, 0x55, 0x00, 0x00, 0x00, 0x00, 0x00, 0x00, 0x00, 0x00, 0x66, 0x00,
  0x00, 0x00, 0x05, 0x55, 0x55, 0x00, 0x00, 0x00, 0x00, 0x00, 0x00, 0x00,
  0x00, 0x05, 0x55, 0x55, 0x50, 0x00, 0x00, 0x00, 0x00, 0x00, 0x00, 0x00,
  0x00, 0x00, 0x00, 0x00, 0x00, 0x05, 0x88, 0x88, 0x50, 0x00, 0x00, 0x00,
  0x00, 0x00, 0x00, 0x00, 0x00, 0x00, 0x00, 0x00, 0x00, 0x05, 0x55, 0x55,
  0x50, 0x00, 0x00, 0x00, 0x00, 0x00, 0x00, 0x00, 0x00, 0x00, 0x00, 0x00,
  0x00, 0x00, 0x00, 0x00, 0x00, 0x00, 0x00, 0x00, 0x00, 0x00, 0x00, 0x00,
  0x00, 0x00, 0x00, 0x00, 0x00, 0x00, 0x00, 0x00, 0x00, 0x00, 0x00, 0x00,
  0x00, 0x00, 0x00, 0x00, 0x00, 0x00, 0x00, 0x00, 0x00, 0x00, 0x00, 0x00,
  0x00, 0x00, 0x00, 0x00, 0x00, 0x00, 0x00, 0x00, 0x00, 0x00, 0x00, 0x00,
  0x00, 0x00, 0x00, 0x00, 0x00, 0x00, 0x00, 0x00, 0x00, 0x00, 0x00, 0x00,
  0x00, 0x00, 0x00, 0x00, 0x00, 0x00, 0x00, 0x00, 0x00, 0x00, 0x00, 0x00,
  0x00, 0x00, 0x00, 0x00, 0x00, 0x00, 0x00, 0x00, 0x00, 0x00, 0x00, 0x00,
  0x05, 0x55, 0x55, 0x00, 0x00, 0x05, 0x55, 0x55, 0x00, 0x00, 0x00, 0x00,
  0x00, 0x00, 0x00, 0x00, 0x5d, 0xdd, 0xdd, 0x50, 0x00, 0x5d, 0xdd, 0xdd,
  0x50, 0x00, 0x00, 0x00, 0x00, 0x00, 0x00, 0x05, 0xdd, 0xdd, 0xdd, 0xd5,
  0x05, 0xdd, 0xdd, 0xdd, 0xe5, 0x00, 0x00, 0x00, 0x00, 0x00, 0x00, 0x5d,
  0xdd, 0xdd, 0xdd, 0xdd, 0x5d, 0xdd, 0xdd, 0xdc, 0xdd, 0x50, 0x00, 0x00,
  0x00, 0x00, 0x00, 0x5d, 0xdd, 0xdd, 0xdd, 0xdd, 0x5d, 0xdd, 0xdd, 0xcd,
  0xdd, 0x50, 0x00, 0x00, 0x00, 0x00, 0x00, 0x5d, 0xdd, 0xdd, 0xdd, 0xdd,
  0x5d, 0xdd, 0xdc, 0xdd, 0xdd, 0x50, 0x00, 0x00, 0x00, 0x00, 0x00, 0x5d,
  0xdd, 0xdd, 0xdd, 0xdd, 0x5d, 0xdd, 0xcd, 0xdd, 0xdd, 0x50, 0x00, 0x00,
  0x00, 0x00, 0x00, 0x5d, 0xdd, 0xdd, 0xdd, 0xdd, 0x5d, 0xdd, 0xcd, 0xdd,
  0xdd, 0x50, 0x00, 0x00, 0x00, 0x00, 0x00, 0x05, 0xdd, 0xdd, 0xdd, 0xd5,
  0x55, 0xdc, 0xdd, 0xdd, 0xd5, 0x00, 0x00, 0x00, 0x00, 0x00, 0x00, 0x00,
  0x5d, 0xdd, 0xdd, 0x5e, 0xee, 0xcd, 0xdd, 0xdd, 0x50, 0x00, 0x00, 0x00,
  0x00, 0x00, 0x00, 0x05, 0x55, 0x55, 0x55, 0xee, 0xec, 0xe5, 0x55, 0x55,
  0x55, 0x00, 0x00, 0x00, 0x00, 0x00, 0x00, 0x5d, 0xdd, 0xdd, 0x55, 0xee,
  0xce, 0xe5, 0x5d, 0xdd, 0xdd, 0x50, 0x00, 0x00, 0x00, 0x00, 0x05, 0xdd,
  0xdd, 0xdd, 0xd5, 0xee, 0xee, 0xe5, 0xdd, 0xdd, 0xdd, 0xd5, 0x00, 0x00,
  0x00, 0x00, 0x5d, 0xdd, 0xdd, 0xdd, 0xdd, 0x5e, 0xee, 0x5d, 0xdd, 0xdd,
  0xdd, 0xdd, 0x50, 0x00, 0x00, 0x00, 0x5d, 0xdd, 0xdd, 0xdd, 0xdd, 0x55,
  0x55, 0x5d, 0xdd, 0xdd, 0xdd, 0xdd, 0x50, 0x00, 0x00, 0x00, 0x5d, 0xdd,
  0xdd, 0xdd, 0xdd, 0x55, 0x55, 0x5d, 0xdd, 0xdd, 0xdd, 0xdd, 0x50, 0x00,
  0x00, 0x00, 0x5d, 0xdd, 0xdd, 0xdd, 0xd5, 0xdd, 0xdd, 0xd5, 0xdd, 0xdd,
  0xdd, 0xdd, 0x50, 0x00, 0x00, 0x00, 0x5d, 0xdd, 0xdd, 0xdd, 0x5d, 0xdd,
  0xdd, 0xdd, 0x5d, 0xdd, 0xdd, 0xdd, 0x50, 0x00, 0x00, 0x00, 0x05, 0xdd,
  0xdd, 0xd5, 0xdd, 0xdd, 0xdd, 0xdd, 0xd5, 0xdd, 0xdd, 0xd5, 0x00, 0x00,
  0x00, 0x00, 0x00, 0x5d, 0xdd, 0xd5, 0xdd, 0xdd, 0xdd, 0xdd, 0xd5, 0xdd,
  0xdd, 0x50, 0x00, 0x00, 0x00, 0x00, 0x00, 0x05, 0x55, 0x55, 0xdd, 0xdd,
  0xdd, 0xdd, 0xd5, 0x55, 0x55, 0x00, 0x00, 0x00, 0x00, 0x00, 0x00, 0x00,
  0x00, 0x05, 0xdd, 0xdd, 0xdd, 0xdd, 0xd5, 0x00, 0x00, 0x00, 0x00, 0x00,
  0x00, 0x00, 0x00, 0x00, 0x00, 0x05, 0xdd, 0xdd, 0xdd, 0xdd, 0xd5, 0x00,
  0x00, 0x00, 0x00, 0x00, 0x00, 0x00, 0x00, 0x00, 0x00, 0x00, 0x5d, 0xdd,
  0xdd, 0xdd, 0x50, 0x00, 0x00, 0x00, 0x00, 0x00, 0x00, 0x00, 0x00, 0x00,
  0x00, 0x00, 0x05, 0xdd, 0xdd, 0xd5, 0x00, 0x00, 0x00, 0x00, 0x00, 0x00,
  0x00, 0x00, 0x00, 0x00, 0x00, 0x00, 0x00, 0x55, 0x55, 0x50, 0x00, 0x00,
  0x00, 0x00, 0x00, 0x00, 0x00, 0x00, 0x00, 0x00, 0x00, 0x00, 0x00, 0x00,
  0x00, 0x00, 0x00, 0x00, 0x00, 0x00, 0x00, 0x00, 0x00, 0x00, 0x00, 0x00,
  0x00, 0x00, 0x00, 0x00, 0x00, 0x00, 0x00, 0x00, 0x00, 0x00, 0x00, 0x00,
  0x00, 0x00, 0x00, 0x00, 0x00, 0x00, 0x00, 0x00, 0x00, 0x00, 0x00, 0x00,
  0x00, 0x00, 0x00, 0x00, 0x00, 0x00, 0x00, 0x00, 0x00, 0x00, 0x00, 0x00,
  0x00, 0x00, 0x00, 0x00, 0x00, 0x00, 0x00, 0x00, 0x00, 0x00, 0x00, 0x00,
  0x00, 0x00, 0x00, 0x00, 0x00, 0x00, 0x00, 0x00, 0x00, 0x00, 0x00, 0x00,
  0x00, 0x00, 0x00, 0x00, 0x00, 0x00, 0x00, 0x00, 0x00, 0x00, 0x00, 0x00,
  0x00, 0x00, 0x00, 0x00, 0x00, 0x00, 0x00, 0x00, 0x00, 0x00, 0x00, 0x00,
  0x00, 0x00, 0x00, 0x00, 0x00, 0x00, 0x00, 0x00, 0x00, 0x00, 0x00, 0x00,
  0x00, 0x00, 0x00, 0x00, 0x00, 0x00, 0x00, 0x00, 0x00, 0x00, 0x00, 0x00,
  0x00, 0x00, 0x00, 0x00, 0x00, 0x00, 0x00, 0x00, 0x00, 0x00, 0x00, 0x00,
  0x00, 0x00, 0x00, 0x00, 0x00, 0x00, 0x00, 0x00, 0x00, 0x00, 0x00, 0x00,
  0x00, 0x00, 0x00, 0x00, 0x00, 0x00, 0x00, 0x00, 0x00, 0x00, 0x00, 0x00,
  0x00, 0x00, 0x00, 0x00, 0x00, 0x00, 0x00, 0x00, 0x00, 0x80, 0x00, 0x00,
  0x00, 0x00, 0x00, 0x00, 0x00, 0x00, 0x05, 0x55, 0x55, 0x55, 0x00, 0x00,
  0x08, 0x00, 0x00, 0x00, 0x00, 0x00, 0x00, 0x00, 0x00, 0x55, 0x5e, 0xee,
  0x5e, 0xee, 0x55, 0x50, 0x80, 0x00, 0x00, 0x00, 0x00, 0x00, 0x00, 0x00,
  0x05, 0xee, 0xee, 0xee, 0x5e, 0xee, 0xee, 0xe8, 0x00, 0x00, 0x00, 0x00,
  0x00, 0x00, 0x00, 0x00, 0x5e, 0xee, 0xee, 0xee, 0x5e, 0xee, 0xee, 0x8e,
  0x50, 0x00, 0x00, 0x00, 0x00, 0x00, 0x00, 0x05, 0xee, 0xee, 0xee, 0xee,
  0x5e, 0xee, 0xe8, 0xee, 0xe5, 0x00, 0x00, 0x00, 0x00, 0x00, 0x00, 0x5e,
  0xee, 0xee, 0xee, 0xee, 0x5e, 0xee, 0x8e, 0xee, 0xee, 0x50, 0x00, 0x00,
  0x00, 0x00, 0x00, 0x5e, 0xee, 0xee, 0xee, 0xee, 0x5e, 0xe8, 0xee, 0xee,
  0xee, 0x50, 0x00, 0x00, 0x00, 0x00, 0x00, 0x5e, 0xee, 0xee, 0xee, 0xee,
  0x5e, 0x8e, 0xee, 0xee, 0xee, 0x50, 0x00, 0x00, 0x00, 0x00, 0x00, 0x5e,
  0xee, 0xee, 0xee, 0xee, 0x58, 0xee, 0xee, 0xee, 0xee, 0x50, 0x00, 0x00,
  0x00, 0x00, 0x00, 0x05, 0xee, 0xee, 0xee, 0xee, 0x8e, 0xee, 0xee, 0xee,
  0xe5, 0x00, 0x00, 0x00, 0x00, 0x00, 0x00, 0x00, 0x5e, 0xee, 0xee, 0xe8,
  0x5e, 0xee, 0xee, 0xee, 0x50, 0x00, 0x00, 0x00, 0x00, 0x00, 0x55, 0x55,
  0x55, 0x55, 0x55, 0x85, 0x55, 0x55, 0x55, 0x55, 0x55, 0x55, 0x50, 0x00,
  0x00, 0x00, 0x5e, 0xee, 0xee, 0xee, 0xe8, 0xee, 0x5e, 0xee, 0xee, 0xee,
  0xee, 0xee, 0x50, 0x00, 0x00, 0x00, 0x5e, 0xee, 0xee, 0xee, 0x8e, 0xee,
  0xee, 0xee, 0xee, 0xee, 0xee, 0xee, 0x50, 0x00, 0x00, 0x00, 0x5e, 0xee,
  0xee, 0xe8, 0xee, 0xee, 0xee, 0xee, 0xee, 0xee, 0xee, 0xee, 0x50, 0x00,
  0x00, 0x00, 0x55, 0x55, 0x55, 0x85, 0x55, 0x55, 0x55, 0x55, 0x55, 0x55,
  0x55, 0x55, 0x50, 0x00, 0x00, 0x00, 0x00, 0x00, 0x08, 0x00, 0x00, 0x00,
  0x00, 0x00, 0x00, 0x00, 0x00, 0x00, 0x00, 0x00, 0x00, 0x05, 0x55, 0x55,
  0x55, 0x50, 0x00, 0x00, 0x00, 0x00, 0x00, 0x00, 0x00, 0x00, 0x00, 0x00,
  0x00, 0x05, 0x66, 0x66, 0x66, 0x50, 0x00, 0x00, 0x00, 0x00, 0x00, 0x00,
  0x00, 0x00, 0x00, 0x00, 0x00, 0x05, 0x66, 0x66, 0x66, 0x50, 0x00, 0x00,
  0x00, 0x00, 0x00, 0x00, 0x00, 0x00, 0x00, 0x00, 0x00, 0x05, 0x55, 0x55,
  0x55, 0x50, 0x00, 0x00, 0x00, 0x00, 0x00, 0x00, 0x00, 0x00, 0x00, 0x00,
  0x00, 0x00, 0x00, 0x00, 0x00, 0x00, 0x00, 0x00, 0x00, 0x00, 0x00, 0x00,
  0x00, 0x00, 0x00, 0x00, 0x00, 0x00, 0x00, 0x00, 0x00, 0x00, 0x00, 0x00,
  0x00, 0x00, 0x00, 0x00, 0x00, 0x00, 0x00, 0x00, 0x00, 0x00, 0x00, 0x00,
  0x00, 0x00, 0x00, 0x00, 0x00, 0x00, 0x00, 0x00, 0x00, 0x00, 0x00, 0x00,
  0x00, 0x00, 0x00, 0x00, 0x00, 0x00, 0x00, 0x00, 0x00, 0x00, 0x00, 0x00,
  0x00, 0x00, 0x00, 0x00, 0x00, 0x00, 0x00, 0x00, 0x00, 0x00, 0x00, 0x00,
  0x00, 0x00, 0x00, 0x00, 0x00, 0x00, 0x00, 0x00, 0x00, 0x00, 0x00, 0x00,
  0x00, 0x00, 0x00, 0x00, 0x00, 0x00, 0x00, 0x00, 0x00, 0x00, 0x00, 0x00,
  0x00, 0x00, 0x00, 0x00, 0x00, 0x00, 0x00, 0x00, 0x00, 0x00, 0x00, 0x00,
  0x00, 0x00, 0x00, 0x00, 0x00, 0x00, 0x00, 0x00, 0x00, 0x00, 0x00, 0x00,
  0x00, 0x00, 0x00, 0x00, 0x00, 0x00, 0x00, 0x00, 0x00, 0x00, 0x00, 0x00,
  0x00, 0x00, 0x00, 0x00, 0x00, 0x00, 0x00, 0x00, 0x00, 0x00, 0x00, 0x00,
  0x00, 0x00, 0x00, 0x00, 0x00, 0x00, 0x05, 0x00, 0x00, 0x00, 0x50, 0x00,
  0x00, 0x00, 0x00, 0x00, 0x00, 0x00, 0x00, 0x00, 0x00, 0x00, 0x55, 0x50,
  0x00, 0x05, 0x55, 0x00, 0x00, 0x00, 0x00, 0x00, 0x00, 0x00, 0x00, 0x00,
  0x00, 0x00, 0x55, 0x50, 0x00, 0x55, 0x55, 0x00, 0x00, 0x00, 0x00, 0x00,
  0x00, 0x00, 0x00, 0x00, 0x00, 0x05, 0x55, 0x55, 0x05, 0x55, 0x55, 0x50,
  0x00, 0x00, 0x00, 0x00, 0x00, 0x00, 0x00, 0x00, 0x00, 0x55, 0x55, 0x55,
  0xf5, 0x55, 0x55, 0x50, 0x00, 0x00, 0x00, 0x00, 0x00, 0x00, 0x00, 0x00,
  0x05, 0x55, 0x55, 0x55, 0x55, 0x55, 0x55, 0x55, 0x00, 0x00, 0x00, 0x00,
  0x00, 0x00, 0x00, 0x00, 0x05, 0x55, 0x55, 0x55, 0x55, 0x55, 0x55, 0x55,
  0x50, 0x00, 0x00, 0x00, 0x00, 0x00, 0x00, 0x00, 0x55, 0x55, 0x55, 0x55,
  0x55, 0x55, 0x55, 0x55, 0x50, 0x00, 0x00, 0x00, 0x00, 0x00, 0x00, 0x05,
  0x55, 0x55, 0x55, 0x55, 0x55, 0x55, 0x55, 0x55, 0x55, 0x00, 0x00, 0x00,
  0x00, 0x00, 0x00, 0x00, 0x55, 0x55, 0x55, 0x55, 0x55, 0x55, 0x55, 0x55,
  0x50, 0x00, 0x00, 0x00, 0x00, 0x00, 0x00, 0x00, 0x00, 0x00, 0x00, 0x00,
  0x00, 0x00, 0x00, 0x00, 0x00, 0x00, 0x00, 0x00, 0x00, 0x00, 0x00, 0x00,
  0x00, 0xcc, 0xcc, 0xcc, 0xcc, 0xcc, 0xcc, 0xc0, 0x00, 0x00, 0x00, 0x00,
  0x00, 0x00, 0x00, 0x00, 0x00, 0x00, 0x00, 0x00, 0x00, 0x00, 0x00, 0x00,
  0x00, 0x00, 0x00, 0x00, 0x00, 0x00, 0x00, 0x00, 0x00, 0x00, 0x00, 0x00,
  0x00, 0x00, 0x00, 0x00, 0x00, 0x00, 0x00, 0x00, 0x00, 0x00, 0x00, 0x00,
  0x00, 0x00, 0x55, 0x00, 0x00, 0x05, 0x50, 0x00, 0x00, 0x00, 0x00, 0x00,
  0x00, 0x00, 0x00, 0x00, 0x00, 0x05, 0xff, 0x50, 0x00, 0x5f, 0xf5, 0x00,
  0x00, 0x00, 0x00, 0x00, 0x00, 0x00, 0x00, 0x00, 0x00, 0x5f, 0x5f, 0xf5,
  0x05, 0xf5, 0xff, 0x50, 0x00, 0x00, 0x00, 0x00, 0x00, 0x00, 0x00, 0x00,
  0x00, 0x5f, 0xff, 0xf5, 0x05, 0xff, 0xff, 0x50, 0x00, 0x00, 0x00, 0x00,
  0x00, 0x00, 0x00, 0x00, 0x00, 0x05, 0xff, 0x50, 0x00, 0x5f, 0xf5, 0x00,
  0x00, 0x00, 0x00, 0x00, 0x00, 0x00, 0x00, 0x00, 0x00, 0x00, 0x55, 0x00,
  0x00, 0x05, 0x50, 0x00, 0x00, 0x00, 0x00, 0x00, 0x00, 0x00, 0x00, 0x00,
  0x00, 0x00, 0x05, 0x55, 0x55, 0x55, 0x50, 0x00, 0x00, 0x00, 0x00, 0x00,
  0x00, 0x00, 0x00, 0x00, 0x00, 0x00, 0x00, 0x00, 0x00, 0x00, 0x00, 0x00,
  0x00, 0x00, 0x00, 0x00, 0x00, 0x00, 0x00, 0x00, 0x00, 0x00, 0x00, 0x00,
  0x00, 0x00, 0x00, 0x00, 0x00, 0x00, 0x00, 0x00, 0x00, 0x00, 0x00, 0x00,
  0x00, 0x00, 0x00, 0x00, 0x00, 0x00, 0x00, 0x00, 0x00, 0x00, 0x00, 0x00,
  0x00, 0x00, 0x00, 0x00, 0x00, 0x00, 0x00, 0x00, 0x00, 0x00, 0x00, 0x00,
  0x00, 0x00, 0x00, 0x00, 0x00, 0x00, 0x00, 0x00, 0x00, 0x00, 0x00, 0x00,
  0x00, 0x00, 0x00, 0x00, 0x00, 0x00, 0x00, 0x00, 0x00, 0x00, 0x00, 0x00,
  0x00, 0x00, 0x00, 0x00, 0x00, 0x00, 0x00, 0x00, 0x00, 0x00, 0x00, 0x00,
  0x00, 0x00, 0x00, 0x00, 0x00, 0x00, 0x00, 0x00, 0x50, 0x00, 0x00, 0x00,
  0x00, 0x00, 0x00, 0x00, 0x00, 0x00, 0x00, 0x00, 0x00, 0x00, 0x00, 0x05,
  0xe5, 0x00, 0x00, 0x00, 0x00, 0x00, 0x00, 0x00, 0x00, 0x00, 0x00, 0x00,
  0x00, 0x00, 0x00, 0x5e, 0x6e, 0x50, 0x00, 0x00, 0x00, 0x00, 0x00, 0x00,
  0x00, 0x00, 0x00, 0x00, 0x00, 0x00, 0x55, 0xee, 0x6e, 0xe5, 0x00, 0x00,
  0x00, 0x00, 0x00, 0x00, 0x00, 0x00, 0x00, 0x00, 0x00, 0x05, 0xee, 0xee,
  0x6e, 0xee, 0x55, 0x00, 0x00, 0x00, 0x00, 0x00, 0x00, 0x00, 0x00, 0x00,
  0x00, 0x5e, 0xee, 0xee, 0x6e, 0xee, 0xee, 0x50, 0x00, 0x00, 0x00, 0x00,
  0x00, 0x00, 0x00, 0x00, 0x05, 0xee, 0xee, 0xee, 0x6e, 0xee, 0xee, 0xe5,
  0x00, 0x00, 0x00, 0x00, 0x00, 0x00, 0x00, 0x00, 0x5e, 0xee, 0xee, 0xee,
  0x6e, 0xee, 0xee, 0xee, 0x50, 0x00, 0x00, 0x00, 0x00, 0x00, 0x00, 0x00,
  0x05, 0x5e, 0xee, 0xee, 0x6e, 0xee, 0xee, 0x55, 0x00, 0x00, 0x00, 0x00,
  0x00, 0x00, 0x00, 0x00, 0x00, 0x05, 0xee, 0xee, 0x6e, 0xee, 0xe5, 0x00,
  0x00, 0x00, 0x00, 0x00, 0x00, 0x00, 0x00, 0x00, 0x05, 0x5e, 0xee, 0xee,
  0x6e, 0xee, 0xee, 0x55, 0x66, 0x00, 0x00, 0x00, 0x00, 0x00, 0x00, 0x06,
  0x6e, 0xee, 0xee, 0xee, 0x6e, 0xee, 0xe6, 0x66, 0x50, 0x00, 0x00, 0x00,
  0x00, 0x00, 0x00, 0x5e, 0xe6, 0x6e, 0xee, 0xee, 0x6e, 0x66, 0x6e, 0xee,
  0xe5, 0x50, 0x00, 0x00, 0x00, 0x00, 0x55, 0xee, 0xee, 0xe6, 0x6e, 0xee,
  0x66, 0xee, 0xee, 0xee, 0xee, 0xe5, 0x50, 0x00, 0x00, 0x05, 0x55, 0x55,
  0x55, 0x55, 0x56, 0x6e, 0x6e, 0xee, 0x55, 0x55, 0x55, 0x55, 0x55, 0x00,
  0x00, 0x00, 0x00, 0x00, 0x00, 0x00, 0x5e, 0xe6, 0x6e, 0xee, 0x50, 0x00,
  0x00, 0x00, 0x00, 0x00, 0x00, 0x00, 0x00, 0x00, 0x00, 0x00, 0x5e, 0xee,
  0x6e, 0xee, 0xe5, 0x00, 0x00, 0x00, 0x00, 0x00, 0x00, 0x00, 0x00, 0x00,
  0x00, 0x05, 0xee, 0xee, 0x6e, 0xee, 0xe5, 0x00, 0x55, 0x50, 0x00, 0x00,
  0x00, 0x00, 0x00, 0x00, 0x00, 0x05, 0xee, 0xe5, 0x65, 0xee, 0xe5, 0x00,
  0x5a, 0x50, 0x00, 0x00, 0x00, 0x00, 0x00, 0x00, 0x00, 0x05, 0xee, 0x50,
  0x60, 0x55, 0xe5, 0x00, 0x5a, 0x50, 0x00, 0x00, 0x00, 0x00, 0x00, 0x00,
  0x00, 0x05, 0x55, 0x00, 0x60, 0x00, 0x5e, 0x55, 0x55, 0x55, 0x00, 0x00,
  0x00, 0x00, 0x00, 0x00, 0x00, 0x55, 0x00, 0x00, 0x60, 0x00, 0x05, 0x56,
  0x66, 0x66, 0x50, 0x00, 0x00, 0x00, 0x00, 0x00, 0x00, 0x50, 0x00, 0x00,
  0x60, 0x00, 0x00, 0x56, 0x66, 0x66, 0x50, 0x00, 0x00, 0x00, 0x00, 0x00,
  0x00, 0x00, 0x00, 0x00, 0x60, 0x00, 0x00, 0x56, 0x66, 0x66, 0x50, 0x00,
  0x00, 0x00, 0x00, 0x00, 0x00, 0x00, 0x00, 0x00, 0x60, 0x00, 0x00, 0x56,
  0x66, 0x66, 0x50, 0x00, 0x00, 0x00, 0x00, 0x00, 0x00, 0x00, 0x00, 0x00,
  0x60, 0x00, 0x00, 0x05, 0x66, 0x65, 0x00, 0x00, 0x00, 0x00, 0x00, 0x00,
  0x00, 0x00, 0x00, 0x00, 0x00, 0x00, 0x00, 0x00, 0x55, 0x50, 0x00, 0x00,
  0x00, 0x00, 0x00, 0x00, 0x00, 0x00, 0x00, 0x00, 0x00, 0x00, 0x00, 0x00,
  0x00, 0x00, 0x00, 0x00, 0x00, 0x00, 0x00, 0x00, 0x00, 0x00, 0x00, 0x00,
  0x00, 0x00, 0x00, 0x00, 0x00, 0x00, 0x00, 0x00, 0x00, 0x00, 0x00, 0x00,
  0x00, 0x00, 0x00, 0x00, 0x00, 0x00, 0x00, 0x00, 0x00, 0x00, 0x00, 0x00,
  0x00, 0x00, 0x00, 0x00, 0x00, 0x00, 0x00, 0x00, 0x00, 0x00, 0x00, 0x00,
  0x00, 0x00, 0x00, 0x00, 0x00, 0x00, 0x00, 0x00, 0x00, 0x00, 0x00, 0x00,
  0x00, 0x00, 0x00, 0x00, 0x00, 0x00, 0x00, 0x00, 0x00, 0x00, 0x00, 0x00,
  0x00, 0x00, 0x00, 0x00, 0x00, 0x00, 0x00, 0x00, 0x00, 0x00, 0x00, 0x00,
  0x00, 0x00, 0x00, 0x00, 0x00, 0x00, 0x00, 0x00, 0x00, 0x00, 0x00, 0x00,
  0x00, 0x00, 0x00, 0x00, 0x00, 0x00, 0x00, 0x00, 0x00, 0x00, 0x00, 0x00,
  0x00, 0x00, 0x00, 0x00, 0x00, 0x00, 0x00, 0x00, 0x00, 0x00, 0x00, 0x00,
  0x00, 0x00, 0x00, 0x00, 0x00, 0x00, 0x00, 0x00, 0x00, 0x00, 0x00, 0x00,
  0x00, 0x00, 0x05, 0x55, 0x55, 0x55, 0x55, 0x55, 0x55, 0x55, 0x55, 0x55,
  0x55, 0x55, 0x00, 0x00, 0x00, 0x00, 0x05, 0xee, 0xee, 0xee, 0xee, 0xee,
  0xee, 0xee, 0xee, 0xee, 0xee, 0xe5, 0x00, 0x00, 0x00, 0x00, 0x05, 0xee,
  0xee, 0xee, 0xe6, 0x6e, 0xee, 0xee, 0xee, 0xee, 0xee, 0xe5, 0x00, 0x00,
  0x00, 0x00, 0x05, 0xee, 0xee, 0x66, 0x6e, 0xe6, 0xee, 0xee, 0xee, 0xee,
  0xee, 0xe5, 0x00, 0x00, 0x00, 0x00, 0x05, 0xee, 0x66, 0xee, 0xee, 0xee,
  0x66, 0xee, 0xee, 0xee, 0xee, 0xe5, 0x00, 0x00, 0x00, 0x00, 0x05, 0xee,
  0xee, 0xee, 0xee, 0xe5, 0x5f, 0x55, 0xee, 0x66, 0x6e, 0xe5, 0x00, 0x00,
  0x00, 0x00, 0x05, 0xee, 0xee, 0xee, 0xee, 0x51, 0x1f, 0x11, 0x56, 0xee,
  0xee, 0xe5, 0x00, 0x00, 0x00, 0x00, 0x05, 0xee, 0xee, 0xee, 0xe5, 0x11,
  0xff, 0xf1, 0x15, 0xee, 0xee, 0xe5, 0x00, 0x00, 0x00, 0x00, 0x05, 0xee,
  0xee, 0xee, 0xff, 0xff, 0xfc, 0xff, 0xff, 0xfe, 0xee, 0xe5, 0x00, 0x00,
  0x00, 0x00, 0x05, 0xee, 0xee, 0xee, 0x5f, 0xff, 0xfc, 0xff, 0xff, 0x5e,
  0xee, 0xe5, 0x00, 0x00, 0x00, 0x00, 0x05, 0xee, 0xee, 0xee, 0x51, 0xfc,
  0xcc, 0xcc, 0xf1, 0x5e, 0xee, 0xe5, 0x00, 0x00, 0x00, 0x00, 0x05, 0xee,
  0xee, 0xee, 0x51, 0x1f, 0xfc, 0xff, 0x11, 0x5e, 0xee, 0xe5, 0x00, 0x00,
  0x00, 0x00, 0x05, 0xee, 0xee, 0xee, 0x51, 0x1f, 0xfc, 0xff, 0x11, 0x5e,
  0xee, 0xe5, 0x00, 0x00, 0x00, 0x00, 0x05, 0xee, 0xee, 0xee, 0xe5, 0xff,
  0x11, 0x1f, 0xf5, 0xee, 0xee, 0xe5, 0x00, 0x00, 0x00, 0x00, 0x05, 0xee,
  0xee, 0xee, 0xee, 0xf1, 0x11, 0x11, 0xfe, 0xee, 0xee, 0xe5, 0x00, 0x00,
  0x00, 0x00, 0x05, 0xee, 0xee, 0xee, 0xee, 0xe5, 0x55, 0x55, 0xee, 0xee,
  0xee, 0xe5, 0x00, 0x00, 0x00, 0x00, 0x05, 0xee, 0xee, 0xee, 0xee, 0xee,
  0xee, 0xee, 0xee, 0xee, 0xee, 0xe5, 0x00, 0x00, 0x00, 0x00, 0x05, 0xee,
  0xee, 0xee, 0xee, 0xee, 0xee, 0xee, 0xee, 0xee, 0xee, 0xe5, 0x00, 0x00,
  0x00, 0x00, 0x05, 0x55, 0x55, 0x55, 0x55, 0x55, 0x55, 0x55, 0x55, 0x55,
  0x55, 0x55, 0x00, 0x00, 0x00, 0x00, 0x00, 0x00, 0x00, 0x00, 0x00, 0x00,
  0x00, 0x00, 0x00, 0x00, 0x00, 0x00, 0x00, 0x00, 0x00, 0x00, 0x00, 0x00,
  0x00, 0x00, 0x00, 0x00, 0x00, 0x00, 0x00, 0x00, 0x00, 0x00, 0x00, 0x00,
  0x00, 0x00, 0x00, 0x00, 0x00, 0x00, 0x00, 0x00, 0x00, 0x00, 0x00, 0x00,
  0x00, 0x00, 0x00, 0x00, 0x00, 0x00, 0x00, 0x00, 0x00, 0x00, 0x00, 0x00,
  0x00, 0x00, 0x00, 0x00, 0x00, 0x00, 0x00, 0x00, 0x00, 0x00, 0x00, 0x00,
  0x00, 0x00, 0x00, 0x00, 0x00, 0x00, 0x00, 0x00, 0x00, 0x00, 0x00, 0x00,
  0x00, 0x00, 0x00, 0x00, 0x00, 0x00, 0x00, 0x00, 0x00, 0x00, 0x00, 0x00,
  0x00, 0x00, 0x00, 0x00, 0x00, 0x00, 0x00, 0x00, 0x00, 0x00, 0x00, 0x00,
  0x00, 0x00, 0x00, 0x00, 0x00, 0x00, 0x00, 0x00, 0x00, 0x00, 0x00, 0x00,
  0x00, 0x00, 0x00, 0x00, 0x00, 0x00, 0x00, 0x00, 0x00, 0x00, 0x00, 0x00,
  0x00, 0x00, 0x00, 0x00, 0x00, 0x00, 0x00, 0x00, 0x00, 0x00, 0x00, 0x00,
  0x00, 0x00, 0x00, 0x00, 0x00, 0x00, 0x00, 0x00, 0x00, 0x00, 0x00, 0x00,
  0x00, 0x00, 0x00, 0x00, 0x00, 0x00, 0x00, 0x00, 0x00, 0x00, 0x00, 0x00,
  0x00, 0x00, 0x00, 0x00, 0x00, 0x00, 0x00, 0x00, 0x00, 0x00, 0x00, 0x00,
  0x00, 0x00, 0x00, 0x00, 0x00, 0x00, 0x55, 0x55, 0x55, 0x55, 0x55, 0x55,
  0x50, 0x00, 0x00, 0x00, 0x00, 0x00, 0x00, 0x00, 0x00, 0x00, 0x5f, 0xff,
  0xff, 0xff, 0xff, 0xfc, 0x50, 0x00, 0x00, 0x00, 0x00, 0x00, 0x00, 0x00,
  0x00, 0x00, 0x5f, 0xff, 0xff, 0xff, 0xff, 0xcf, 0x50, 0x00, 0x00, 0x00,
  0x00, 0x00, 0x00, 0x00, 0x00, 0x00, 0x5f, 0xff, 0xff, 0xff, 0xfc, 0xff,
  0x50, 0x00, 0x00, 0x00, 0x00, 0x00, 0x00, 0x00, 0x00, 0x00, 0x5f, 0xcf,
  0xff, 0xff, 0xcf, 0xff, 0x50, 0x00, 0x00, 0x00, 0x00, 0x00, 0x00, 0x00,
  0x00, 0x00, 0x5f, 0xfc, 0xff, 0xfc, 0xff, 0xff, 0x50, 0x00, 0x00, 0x00,
  0x00, 0x00, 0x00, 0x00, 0x05, 0x55, 0x5f, 0xff, 0xcf, 0xcf, 0xff, 0xff,
  0x50, 0x00, 0x00, 0x00, 0x00, 0x00, 0x00, 0x00, 0x05, 0x11, 0x5f, 0xff,
  0xfc, 0xff, 0xff, 0xff, 0x50, 0x00, 0x00, 0x00, 0x00, 0x00, 0x00, 0x00,
  0x05, 0x11, 0x55, 0x55, 0x55, 0x55, 0x55, 0x55, 0x50, 0x00, 0x00, 0x00,
  0x00, 0x00, 0x00, 0x55, 0x55, 0x11, 0x11, 0x11, 0x11, 0x11, 0x11, 0x15,
  0x55, 0x50, 0x00, 0x00, 0x00, 0x00, 0x00, 0x5f, 0xf5, 0x55, 0x55, 0x55,
  0x55, 0x55, 0x55, 0x55, 0xff, 0x50, 0x00, 0x00, 0x00, 0x00, 0x00, 0x5f,
  0xff, 0xff, 0xff, 0xff, 0xff, 0xff, 0xff, 0xff, 0xff, 0x50, 0x00, 0x00,
  0x00, 0x00, 0x00, 0x5f, 0xff, 0xff, 0xff, 0xff, 0xff, 0xff, 0xff, 0xff,
  0xff, 0x50, 0x00, 0x00, 0x00, 0x00, 0x00, 0x5f, 0xff, 0xff, 0xff, 0xff,
  0xff, 0xff, 0xff, 0xff, 0xff, 0x50, 0x00, 0x00, 0x00, 0x00, 0x00, 0x5f,
  0xff, 0x88, 0x88, 0x88, 0x88, 0x88, 0x88, 0x8f, 0xff, 0x50, 0x00, 0x00,
  0x00, 0x00, 0x00, 0x5f, 0xff, 0xff, 0xff, 0xff, 0xff, 0xff, 0xff, 0xff,
  0xff, 0x50, 0x00, 0x00, 0x00, 0x00, 0x00, 0x5f, 0xff, 0xff, 0xff, 0xff,
  0xff, 0xff, 0xff, 0xff, 0xff, 0x50, 0x00, 0x00, 0x00, 0x00, 0x00, 0x5f,
  0xff, 0xff, 0xff, 0xff, 0xff, 0xff, 0xff, 0xff, 0xff, 0x50, 0x00, 0x00,
  0x00, 0x00, 0x00, 0x5f, 0xff, 0xff, 0xfc, 0xff, 0xff, 0xfb, 0xff, 0xff,
  0xff, 0x50, 0x00, 0x00, 0x00, 0x00, 0x00, 0x5f, 0xff, 0xff, 0xff, 0xff,
  0xff, 0xff, 0xff, 0xff, 0xff, 0x50, 0x00, 0x00, 0x00, 0x00, 0x00, 0x5f,
  0xff, 0xff, 0xff, 0xff, 0xff, 0xff, 0xff, 0xff, 0xff, 0x50, 0x00, 0x00,
  0x00, 0x00, 0x00, 0x5f, 0xff, 0xff, 0xff, 0xff, 0xff, 0xff, 0xff, 0xff,
  0xff, 0x50, 0x00, 0x00, 0x00, 0x00, 0x00, 0x55, 0x55, 0x55, 0x55, 0x55,
  0x55, 0x55, 0x55, 0x55, 0x55, 0x50, 0x00, 0x00, 0x00, 0x00, 0x00, 0x00,
  0x00, 0x00, 0x00, 0x00, 0x00, 0x00, 0x00, 0x00, 0x00, 0x00, 0x00, 0x00,
  0x00, 0x00, 0x00, 0x00, 0x00, 0x00, 0x00, 0x00, 0x00, 0x00, 0x00, 0x00,
  0x00, 0x00, 0x00, 0x00, 0x00, 0x00, 0x00, 0x00, 0x00, 0x00, 0x00, 0x00,
  0x00, 0x00, 0x00, 0x00, 0x00, 0x00, 0x00, 0x00, 0x00, 0x00, 0x00, 0x00,
  0x00, 0x00, 0x00, 0x00, 0x00, 0x00, 0x00, 0x00, 0x00, 0x00, 0x00, 0x00,
  0x00, 0x00, 0x00, 0x00, 0x00, 0x00, 0x00, 0x00, 0x00, 0x00, 0x00, 0x00,
  0x00, 0x00, 0x00, 0x00, 0x00, 0x00, 0x00, 0x00, 0x00, 0x00, 0x00, 0x00,
  0x00, 0x00, 0x00, 0x00, 0x00, 0x00, 0x00, 0x00, 0x00, 0x00, 0x00, 0x00,
  0x00, 0x00, 0x00, 0x00, 0x00, 0x00, 0x00, 0x00, 0x00, 0x00, 0x00, 0x00,
  0x00, 0x00, 0x00, 0x00, 0x00, 0x00, 0x00, 0x00, 0x00, 0x00, 0x00, 0x00,
  0x00, 0x00, 0x00, 0x00, 0x00, 0x00, 0x00, 0x00, 0x00, 0x55, 0x55, 0xff,
  0xff, 0xf5, 0x55, 0x50, 0x00, 0x00, 0x00, 0x00, 0x00, 0x00, 0x00, 0x00,
  0x00, 0x51, 0x11, 0xff, 0xff, 0xfc, 0xcc, 0x50, 0x00, 0x00, 0x00, 0x00,
  0x00, 0x00, 0x00, 0x00, 0x00, 0x51, 0x11, 0xff, 0xff, 0xfc, 0xcc, 0x50,
  0x00, 0x00, 0x00, 0x00, 0x00, 0x00, 0x00, 0x00, 0x00, 0x51, 0x11, 0xff,
  0xff, 0xfc, 0xcc, 0x50, 0x00, 0x00, 0x00, 0x00, 0x00, 0x00, 0x00, 0x00,
  0x00, 0x51, 0x11, 0xff, 0xff, 0xfc, 0xcc, 0x50, 0x00, 0x00, 0x00, 0x00,
  0x00, 0x00, 0x00, 0x00, 0x00, 0x51, 0x11, 0xff, 0xff, 0xfc, 0xcc, 0x50,
  0x00, 0x00, 0x00, 0x00, 0x00, 0x00, 0x00, 0x00, 0x00, 0x51, 0x11, 0xff,
  0xff, 0xfc, 0xcc, 0x50, 0x00, 0x00, 0x00, 0x00, 0x00, 0x00, 0x00, 0x00,
  0x00, 0x51, 0x11, 0xff, 0xff, 0xfc, 0xcc, 0x50, 0x00, 0x00, 0x00, 0x00,
  0x00, 0x00, 0x00, 0x00, 0x00, 0x51, 0x11, 0xff, 0xff, 0xfc, 0xcc, 0x50,
  0x00, 0x00, 0x00, 0x00, 0x00, 0x00, 0x00, 0x00, 0x00, 0x51, 0x11, 0xff,
  0xff, 0xfc, 0xcc, 0x50, 0x00, 0x00, 0x00, 0x00, 0x00, 0x00, 0x00, 0x00,
  0x00, 0x51, 0x15, 0x55, 0x55, 0x55, 0xcc, 0x50, 0x00, 0x00, 0x00, 0x00,
  0x00, 0x00, 0x00, 0x00, 0x00, 0x55, 0x5e, 0xee, 0xee, 0xee, 0x55, 0x50,
  0x00, 0x00, 0x00, 0x00, 0x00, 0x00, 0x00, 0x00, 0x00, 0x5e, 0xee, 0xee,
  0xee, 0xee, 0xee, 0x50, 0x00, 0x00, 0x00, 0x00, 0x00, 0x00, 0x00, 0x00,
  0x05, 0xee, 0xee, 0xee, 0x1e, 0xee, 0xee, 0xe5, 0x00, 0x00, 0x00, 0x00,
  0x00, 0x00, 0x02, 0x22, 0x5e, 0xee, 0xee, 0xee, 0x1e, 0xee, 0xee, 0xee,
  0x50, 0x22, 0x20, 0x00, 0x00, 0x02, 0x2a, 0xa2, 0x22, 0xee, 0xee, 0xe1,
  0x11, 0xee, 0xee, 0xee, 0x22, 0xaa, 0x22, 0x20, 0x00, 0x02, 0xa2, 0x2a,
  0xa2, 0xe1, 0x11, 0x11, 0x11, 0x11, 0x11, 0xee, 0x2a, 0x22, 0xaa, 0x20,
  0x00, 0x02, 0x2a, 0xaa, 0x22, 0xee, 0x11, 0x11, 0x11, 0x11, 0x1e, 0xee,
  0x22, 0xaa, 0xa2, 0x20, 0x00, 0x00, 0x22, 0x22, 0xee, 0xee, 0xe1, 0x11,
  0x11, 0x11, 0xee, 0xee, 0xe5, 0x22, 0x22, 0x00, 0x00, 0x22, 0xaa, 0x22,
  0x2e, 0xee, 0xee, 0x11, 0x11, 0x1e, 0xee, 0xee, 0xe2, 0x2a, 0xa2, 0x22,
  0x00, 0x2a, 0x22, 0xaa, 0x2e, 0xee, 0xee, 0x11, 0x11, 0x1e, 0xee, 0xee,
  0xe2, 0xa2, 0x2a, 0xa2, 0x00, 0x22, 0xaa, 0xa2, 0x2e, 0xee, 0xe1, 0x1e,
  0xee, 0x11, 0xee, 0xee, 0x52, 0x2a, 0xaa, 0x22, 0x00, 0x00, 0x22, 0x20,
  0x5e, 0xee, 0xe1, 0xee, 0xee, 0xe1, 0xee, 0xee, 0x50, 0x02, 0x22, 0x00,
  0x00, 0x00, 0x00, 0x00, 0x05, 0xee, 0xee, 0xee, 0xee, 0xee, 0xee, 0xe5,
  0x00, 0x00, 0x00, 0x00, 0x00, 0x00, 0x00, 0x00, 0x00, 0x5e, 0xee, 0xee,
  0xee, 0xee, 0xee, 0x50, 0x00, 0x00, 0x00, 0x00, 0x00, 0x00, 0x00, 0x00,
  0x00, 0x05, 0x5e, 0xee, 0xee, 0xee, 0x55, 0x00, 0x00, 0x00, 0x00, 0x00,
  0x00, 0x00, 0x00, 0x00, 0x00, 0x00, 0x05, 0x55, 0x55, 0x55, 0x00, 0x00,
  0x00, 0x00, 0x00, 0x00, 0x00, 0x00, 0x00, 0x00, 0x00, 0x00, 0x00, 0x00,
  0x00, 0x00, 0x00, 0x00, 0x00, 0x00, 0x00, 0x00, 0x00, 0x00, 0x00, 0x00,
  0x00, 0x00, 0x00, 0x00, 0x00, 0x00, 0x00, 0x00, 0x00, 0x00, 0x00, 0x00,
  0x00, 0x00, 0x00, 0x00, 0x00, 0x00, 0x00, 0x00, 0x00, 0x00, 0x00, 0x00,
  0x00, 0x00, 0x00, 0x00, 0x00, 0x00, 0x00, 0x00, 0x00, 0x00, 0x00, 0x00,
  0x00, 0x00, 0x00, 0x00, 0x00, 0x00, 0x00, 0x00, 0x00, 0x00, 0x00, 0x00,
  0x00, 0x00, 0x00, 0x00, 0x00, 0x00, 0x00, 0x00, 0x00, 0x00, 0x00, 0x00,
  0x00, 0x00, 0x00, 0x00, 0x00, 0x00, 0x00, 0x00, 0x00, 0x00, 0x00, 0x00,
  0x00, 0x00, 0x00, 0x00, 0x00, 0x00, 0x00, 0x00, 0x00, 0x00, 0x00, 0x00,
  0x00, 0x00, 0x00, 0x00, 0x00, 0x00, 0x00, 0x00, 0x00, 0x00, 0x00, 0x00,
  0x00, 0x00, 0x00, 0x00, 0x00, 0x00, 0x00, 0x00, 0x00, 0x00, 0x00, 0x00,
  0x00, 0x00, 0x00, 0x00, 0x00, 0x00, 0x00, 0x00, 0x00, 0x00, 0x00, 0x00,
  0x00, 0x00, 0x00, 0x00, 0x00, 0x00, 0x00, 0x00, 0x00, 0x00, 0x00, 0x00,
  0x00, 0x00, 0x55, 0x55, 0x50, 0x00, 0x00, 0x00, 0x00, 0x00, 0x00, 0x00,
  0x00, 0x00, 0x00, 0x00, 0x00, 0x05, 0xee, 0xee, 0xe5, 0x00, 0x00, 0x00,
  0x00, 0x00, 0x00, 0x00, 0x00, 0x00, 0x00, 0x00, 0x00, 0x5e, 0xee, 0xee,
  0xee, 0x50, 0x00, 0x00, 0x00, 0x00, 0x00, 0x00, 0x00, 0x00, 0x00, 0x00,
  0x05, 0xee, 0xee, 0xee, 0xee, 0xe5, 0x00, 0x00, 0x00, 0x00, 0x05, 0x50,
  0x00, 0x00, 0x00, 0x00, 0x05, 0xee, 0xee, 0xee, 0xee, 0xe5, 0x00, 0x00,
  0x00, 0x00, 0x55, 0x65, 0x50, 0x00, 0x55, 0x55, 0x55, 0xee, 0xee, 0xee,
  0xee, 0xe5, 0x00, 0x00, 0x00, 0x00, 0x05, 0x66, 0x65, 0x55, 0xee, 0xee,
  0xee, 0x5e, 0xee, 0xee, 0xee, 0x50, 0x00, 0x00, 0x00, 0x00, 0x00, 0x56,
  0x65, 0xee, 0xee, 0xee, 0xee, 0xe5, 0xee, 0xee, 0xe5, 0x55, 0x00, 0x00,
  0x00, 0x00, 0x00, 0x55, 0x5e, 0xee, 0xee, 0xee, 0xee, 0xee, 0x55, 0x55,
  0x5c, 0xcc, 0x55, 0x00, 0x00, 0x00, 0x00, 0x56, 0x5e, 0xee, 0xee, 0xee,
  0xee, 0xee, 0xe5, 0x5c, 0xcc, 0xcc, 0xcc, 0x50, 0x00, 0x00, 0x00, 0x55,
  0xee, 0xee, 0xee, 0xee, 0xee, 0xee, 0xee, 0x5c, 0xcc, 0xcc, 0xcc, 0x50,
  0x00, 0x00, 0x00, 0x55, 0xee, 0xee, 0xee, 0xee, 0xee, 0xee, 0xee, 0x5c,
  0xcc, 0xcc, 0xcc, 0x50, 0x00, 0x00, 0x00, 0x55, 0xee, 0xee, 0xee, 0xee,
  0xee, 0xee, 0xee, 0x5c, 0xcc, 0xcc, 0xcc, 0x50, 0x00, 0x00, 0x00, 0x05,
  0xee, 0xee, 0xee, 0xee, 0xee, 0xee, 0xee, 0x55, 0x5c, 0xcc, 0x55, 0x00,
  0x00, 0x00, 0x00, 0x05, 0x5e, 0xee, 0xee, 0xee, 0xee, 0xee, 0x55, 0xaa,
  0xa5, 0x55, 0x00, 0x00, 0x00, 0x00, 0x00, 0x55, 0x5e, 0xee, 0xee, 0xee,
  0xee, 0xe5, 0xaa, 0xaa, 0xaa, 0xa5, 0x00, 0x00, 0x00, 0x00, 0x55, 0x05,
  0x65, 0xee, 0xee, 0xee, 0xee, 0xe5, 0xaa, 0xaa, 0xaa, 0xa5, 0x00, 0x00,
  0x00, 0x05, 0x00, 0x05, 0x66, 0x55, 0xee, 0xee, 0xee, 0x55, 0xaa, 0xaa,
  0xaa, 0xa5, 0x00, 0x00, 0x00, 0x00, 0x00, 0x00, 0x56, 0x55, 0x55, 0x55,
  0x55, 0x05, 0xaa, 0xaa, 0xaa, 0xa5, 0x00, 0x00, 0x00, 0x00, 0x00, 0x00,
  0x55, 0x00, 0x00, 0x00, 0x00, 0x00, 0x55, 0xaa, 0xa5, 0x50, 0x00, 0x00,
  0x00, 0x00, 0x00, 0x00, 0x50, 0x00, 0x00, 0x00, 0x00, 0x00, 0x00, 0x55,
  0x50, 0x00, 0x00, 0x00, 0x00, 0x00, 0x00, 0x00, 0x00, 0x00, 0x00, 0x00,
  0x00, 0x00, 0x00, 0x00, 0x00, 0x00, 0x00, 0x00, 0x00, 0x00, 0x00, 0x00,
  0x00, 0x00, 0x00, 0x00, 0x00, 0x00, 0x00, 0x00, 0x00, 0x00, 0x00, 0x00,
  0x00, 0x00, 0x00, 0x00, 0x00, 0x00, 0x00, 0x00, 0x00, 0x00, 0x00, 0x00,
  0x00, 0x00, 0x00, 0x00
};
